2018-05-24 09:05:15,starting in C:\Users\TestAdmin\Documents\RanSim\TestDirectory\Scenarios\StrongCryptorFast\
2018-05-24 09:05:15,Processing 29 files
2018-05-24 09:05:20,processing C:\Users\TestAdmin\Documents\RanSim\TestDirectory\Scenarios\StrongCryptorFast-TestFiles\c10.png
2018-05-24 09:05:21,processing C:\Users\TestAdmin\Documents\RanSim\TestDirectory\Scenarios\StrongCryptorFast-TestFiles\c11.png
2018-05-24 09:05:21,processing C:\Users\TestAdmin\Documents\RanSim\TestDirectory\Scenarios\StrongCryptorFast-TestFiles\c12.png
2018-05-24 09:05:21,processing C:\Users\TestAdmin\Documents\RanSim\TestDirectory\Scenarios\StrongCryptorFast-TestFiles\img10.jpg
2018-05-24 09:05:22,processing C:\Users\TestAdmin\Documents\RanSim\TestDirectory\Scenarios\StrongCryptorFast-TestFiles\img11.jpg
2018-05-24 09:05:22,processing C:\Users\TestAdmin\Documents\RanSim\TestDirectory\Scenarios\StrongCryptorFast-TestFiles\img12.jpg
2018-05-24 09:05:22,processing C:\Users\TestAdmin\Documents\RanSim\TestDirectory\Scenarios\StrongCryptorFast-TestFiles\img20.jpg
2018-05-24 09:05:23,processing C:\Users\TestAdmin\Documents\RanSim\TestDirectory\Scenarios\StrongCryptorFast-TestFiles\img21.jpg
2018-05-24 09:05:23,processing C:\Users\TestAdmin\Documents\RanSim\TestDirectory\Scenarios\StrongCryptorFast-TestFiles\img22.jpg
2018-05-24 09:05:23,processing C:\Users\TestAdmin\Documents\RanSim\TestDirectory\Scenarios\StrongCryptorFast-TestFiles\img30.jpg
2018-05-24 09:05:24,processing C:\Users\TestAdmin\Documents\RanSim\TestDirectory\Scenarios\StrongCryptorFast-TestFiles\img31.jpg
2018-05-24 09:05:24,processing C:\Users\TestAdmin\Documents\RanSim\TestDirectory\Scenarios\StrongCryptorFast-TestFiles\img32.jpg
2018-05-24 09:05:24,processing C:\Users\TestAdmin\Documents\RanSim\TestDirectory\Scenarios\StrongCryptorFast-TestFiles\MOCK_DATA1.csv
2018-05-24 09:05:24,processing C:\Users\TestAdmin\Documents\RanSim\TestDirectory\Scenarios\StrongCryptorFast-TestFiles\MOCK_DATA1.docx
2018-05-24 09:05:25,processing C:\Users\TestAdmin\Documents\RanSim\TestDirectory\Scenarios\StrongCryptorFast-TestFiles\MOCK_DATA1.pdf
2018-05-24 09:05:25,processing C:\Users\TestAdmin\Documents\RanSim\TestDirectory\Scenarios\StrongCryptorFast-TestFiles\MOCK_DATA1.pptx
2018-05-24 09:05:25,processing C:\Users\TestAdmin\Documents\RanSim\TestDirectory\Scenarios\StrongCryptorFast-TestFiles\MOCK_DATA1.xlsx
2018-05-24 09:05:26,processing C:\Users\TestAdmin\Documents\RanSim\TestDirectory\Scenarios\StrongCryptorFast-TestFiles\MOCK_DATA2.csv
2018-05-24 09:05:26,processing C:\Users\TestAdmin\Documents\RanSim\TestDirectory\Scenarios\StrongCryptorFast-TestFiles\MOCK_DATA2.docx
2018-05-24 09:05:26,processing C:\Users\TestAdmin\Documents\RanSim\TestDirectory\Scenarios\StrongCryptorFast-TestFiles\MOCK_DATA2.pdf
2018-05-24 09:05:27,processing C:\Users\TestAdmin\Documents\RanSim\TestDirectory\Scenarios\StrongCryptorFast-TestFiles\MOCK_DATA2.pptx
2018-05-24 09:05:27,processing C:\Users\TestAdmin\Documents\RanSim\TestDirectory\Scenarios\StrongCryptorFast-TestFiles\MOCK_DATA3.csv
2018-05-24 09:05:27,processing C:\Users\TestAdmin\Documents\RanSim\TestDirectory\Scenarios\StrongCryptorFast-TestFiles\MOCK_DATA3.docx
2018-05-24 09:05:28,processing C:\Users\TestAdmin\Documents\RanSim\TestDirectory\Scenarios\StrongCryptorFast-TestFiles\MOCK_DATA3.pdf
2018-05-24 09:05:28,processing C:\Users\TestAdmin\Documents\RanSim\TestDirectory\Scenarios\StrongCryptorFast-TestFiles\MOCK_DATA3.pptx
2018-05-24 09:05:28,processing C:\Users\TestAdmin\Documents\RanSim\TestDirectory\Scenarios\StrongCryptorFast-TestFiles\MOCK_DATA3.xlsx
2018-05-24 09:05:29,processing C:\Users\TestAdmin\Documents\RanSim\TestDirectory\Scenarios\StrongCryptorFast-TestFiles\test1.docx
2018-05-24 09:05:29,processing C:\Users\TestAdmin\Documents\RanSim\TestDirectory\Scenarios\StrongCryptorFast-TestFiles\test2.docx
2018-05-24 09:05:29,processing C:\Users\TestAdmin\Documents\RanSim\TestDirectory\Scenarios\StrongCryptorFast-TestFiles\test3.docx
2018-05-24 09:05:30,erasing C:\Users\TestAdmin\Documents\RanSim\TestDirectory\Scenarios\StrongCryptorFast-TestFiles\c10.png
2018-05-24 09:05:30,processed C:\Users\TestAdmin\Documents\RanSim\TestDirectory\Scenarios\StrongCryptorFast-TestFiles\c10.png
2018-05-24 09:05:30,erasing C:\Users\TestAdmin\Documents\RanSim\TestDirectory\Scenarios\StrongCryptorFast-TestFiles\c11.png
2018-05-24 09:05:30,processed C:\Users\TestAdmin\Documents\RanSim\TestDirectory\Scenarios\StrongCryptorFast-TestFiles\c11.png
2018-05-24 09:05:30,erasing C:\Users\TestAdmin\Documents\RanSim\TestDirectory\Scenarios\StrongCryptorFast-TestFiles\c12.png
2018-05-24 09:05:30,processed C:\Users\TestAdmin\Documents\RanSim\TestDirectory\Scenarios\StrongCryptorFast-TestFiles\c12.png
2018-05-24 09:05:30,erasing C:\Users\TestAdmin\Documents\RanSim\TestDirectory\Scenarios\StrongCryptorFast-TestFiles\img10.jpg
2018-05-24 09:05:30,processed C:\Users\TestAdmin\Documents\RanSim\TestDirectory\Scenarios\StrongCryptorFast-TestFiles\img10.jpg
2018-05-24 09:05:30,erasing C:\Users\TestAdmin\Documents\RanSim\TestDirectory\Scenarios\StrongCryptorFast-TestFiles\img11.jpg
2018-05-24 09:05:30,processed C:\Users\TestAdmin\Documents\RanSim\TestDirectory\Scenarios\StrongCryptorFast-TestFiles\img11.jpg
2018-05-24 09:05:31,erasing C:\Users\TestAdmin\Documents\RanSim\TestDirectory\Scenarios\StrongCryptorFast-TestFiles\img12.jpg
2018-05-24 09:05:31,processed C:\Users\TestAdmin\Documents\RanSim\TestDirectory\Scenarios\StrongCryptorFast-TestFiles\img12.jpg
2018-05-24 09:05:31,erasing C:\Users\TestAdmin\Documents\RanSim\TestDirectory\Scenarios\StrongCryptorFast-TestFiles\img20.jpg
2018-05-24 09:05:31,processed C:\Users\TestAdmin\Documents\RanSim\TestDirectory\Scenarios\StrongCryptorFast-TestFiles\img20.jpg
2018-05-24 09:05:31,erasing C:\Users\TestAdmin\Documents\RanSim\TestDirectory\Scenarios\StrongCryptorFast-TestFiles\img21.jpg
2018-05-24 09:05:31,processed C:\Users\TestAdmin\Documents\RanSim\TestDirectory\Scenarios\StrongCryptorFast-TestFiles\img21.jpg
2018-05-24 09:05:31,erasing C:\Users\TestAdmin\Documents\RanSim\TestDirectory\Scenarios\StrongCryptorFast-TestFiles\img22.jpg
2018-05-24 09:05:31,processed C:\Users\TestAdmin\Documents\RanSim\TestDirectory\Scenarios\StrongCryptorFast-TestFiles\img22.jpg
2018-05-24 09:05:31,erasing C:\Users\TestAdmin\Documents\RanSim\TestDirectory\Scenarios\StrongCryptorFast-TestFiles\img30.jpg
2018-05-24 09:05:31,processed C:\Users\TestAdmin\Documents\RanSim\TestDirectory\Scenarios\StrongCryptorFast-TestFiles\img30.jpg
2018-05-24 09:05:32,erasing C:\Users\TestAdmin\Documents\RanSim\TestDirectory\Scenarios\StrongCryptorFast-TestFiles\img31.jpg
2018-05-24 09:05:32,processed C:\Users\TestAdmin\Documents\RanSim\TestDirectory\Scenarios\StrongCryptorFast-TestFiles\img31.jpg
2018-05-24 09:05:32,erasing C:\Users\TestAdmin\Documents\RanSim\TestDirectory\Scenarios\StrongCryptorFast-TestFiles\img32.jpg
2018-05-24 09:05:32,processed C:\Users\TestAdmin\Documents\RanSim\TestDirectory\Scenarios\StrongCryptorFast-TestFiles\img32.jpg
2018-05-24 09:05:32,erasing C:\Users\TestAdmin\Documents\RanSim\TestDirectory\Scenarios\StrongCryptorFast-TestFiles\MOCK_DATA1.csv
2018-05-24 09:05:32,processed C:\Users\TestAdmin\Documents\RanSim\TestDirectory\Scenarios\StrongCryptorFast-TestFiles\MOCK_DATA1.csv
2018-05-24 09:05:32,erasing C:\Users\TestAdmin\Documents\RanSim\TestDirectory\Scenarios\StrongCryptorFast-TestFiles\MOCK_DATA1.docx
2018-05-24 09:05:32,processed C:\Users\TestAdmin\Documents\RanSim\TestDirectory\Scenarios\StrongCryptorFast-TestFiles\MOCK_DATA1.docx
2018-05-24 09:05:33,erasing C:\Users\TestAdmin\Documents\RanSim\TestDirectory\Scenarios\StrongCryptorFast-TestFiles\MOCK_DATA1.pdf
2018-05-24 09:05:33,processed C:\Users\TestAdmin\Documents\RanSim\TestDirectory\Scenarios\StrongCryptorFast-TestFiles\MOCK_DATA1.pdf
2018-05-24 09:05:33,erasing C:\Users\TestAdmin\Documents\RanSim\TestDirectory\Scenarios\StrongCryptorFast-TestFiles\MOCK_DATA1.pptx
2018-05-24 09:05:33,processed C:\Users\TestAdmin\Documents\RanSim\TestDirectory\Scenarios\StrongCryptorFast-TestFiles\MOCK_DATA1.pptx
2018-05-24 09:05:33,erasing C:\Users\TestAdmin\Documents\RanSim\TestDirectory\Scenarios\StrongCryptorFast-TestFiles\MOCK_DATA1.xlsx
2018-05-24 09:05:33,processed C:\Users\TestAdmin\Documents\RanSim\TestDirectory\Scenarios\StrongCryptorFast-TestFiles\MOCK_DATA1.xlsx
2018-05-24 09:05:33,erasing C:\Users\TestAdmin\Documents\RanSim\TestDirectory\Scenarios\StrongCryptorFast-TestFiles\MOCK_DATA2.csv
2018-05-24 09:05:33,processed C:\Users\TestAdmin\Documents\RanSim\TestDirectory\Scenarios\StrongCryptorFast-TestFiles\MOCK_DATA2.csv
2018-05-24 09:05:33,erasing C:\Users\TestAdmin\Documents\RanSim\TestDirectory\Scenarios\StrongCryptorFast-TestFiles\MOCK_DATA2.docx
2018-05-24 09:05:33,processed C:\Users\TestAdmin\Documents\RanSim\TestDirectory\Scenarios\StrongCryptorFast-TestFiles\MOCK_DATA2.docx
2018-05-24 09:05:34,erasing C:\Users\TestAdmin\Documents\RanSim\TestDirectory\Scenarios\StrongCryptorFast-TestFiles\MOCK_DATA2.pdf
2018-05-24 09:05:34,processed C:\Users\TestAdmin\Documents\RanSim\TestDirectory\Scenarios\StrongCryptorFast-TestFiles\MOCK_DATA2.pdf
2018-05-24 09:05:34,erasing C:\Users\TestAdmin\Documents\RanSim\TestDirectory\Scenarios\StrongCryptorFast-TestFiles\MOCK_DATA2.pptx
2018-05-24 09:05:34,processed C:\Users\TestAdmin\Documents\RanSim\TestDirectory\Scenarios\StrongCryptorFast-TestFiles\MOCK_DATA2.pptx
2018-05-24 09:05:34,erasing C:\Users\TestAdmin\Documents\RanSim\TestDirectory\Scenarios\StrongCryptorFast-TestFiles\MOCK_DATA3.csv
2018-05-24 09:05:34,processed C:\Users\TestAdmin\Documents\RanSim\TestDirectory\Scenarios\StrongCryptorFast-TestFiles\MOCK_DATA3.csv
2018-05-24 09:05:34,erasing C:\Users\TestAdmin\Documents\RanSim\TestDirectory\Scenarios\StrongCryptorFast-TestFiles\MOCK_DATA3.docx
2018-05-24 09:05:34,processed C:\Users\TestAdmin\Documents\RanSim\TestDirectory\Scenarios\StrongCryptorFast-TestFiles\MOCK_DATA3.docx
2018-05-24 09:05:35,erasing C:\Users\TestAdmin\Documents\RanSim\TestDirectory\Scenarios\StrongCryptorFast-TestFiles\MOCK_DATA3.pdf
2018-05-24 09:05:35,processed C:\Users\TestAdmin\Documents\RanSim\TestDirectory\Scenarios\StrongCryptorFast-TestFiles\MOCK_DATA3.pdf
2018-05-24 09:05:35,erasing C:\Users\TestAdmin\Documents\RanSim\TestDirectory\Scenarios\StrongCryptorFast-TestFiles\MOCK_DATA3.pptx
2018-05-24 09:05:35,processed C:\Users\TestAdmin\Documents\RanSim\TestDirectory\Scenarios\StrongCryptorFast-TestFiles\MOCK_DATA3.pptx
2018-05-24 09:05:35,erasing C:\Users\TestAdmin\Documents\RanSim\TestDirectory\Scenarios\StrongCryptorFast-TestFiles\MOCK_DATA3.xlsx
2018-05-24 09:05:35,processed C:\Users\TestAdmin\Documents\RanSim\TestDirectory\Scenarios\StrongCryptorFast-TestFiles\MOCK_DATA3.xlsx
2018-05-24 09:05:35,erasing C:\Users\TestAdmin\Documents\RanSim\TestDirectory\Scenarios\StrongCryptorFast-TestFiles\test1.docx
2018-05-24 09:05:35,processed C:\Users\TestAdmin\Documents\RanSim\TestDirectory\Scenarios\StrongCryptorFast-TestFiles\test1.docx
2018-05-24 09:05:35,erasing C:\Users\TestAdmin\Documents\RanSim\TestDirectory\Scenarios\StrongCryptorFast-TestFiles\test2.docx
2018-05-24 09:05:35,processed C:\Users\TestAdmin\Documents\RanSim\TestDirectory\Scenarios\StrongCryptorFast-TestFiles\test2.docx
2018-05-24 09:05:36,erasing C:\Users\TestAdmin\Documents\RanSim\TestDirectory\Scenarios\StrongCryptorFast-TestFiles\test3.docx
2018-05-24 09:05:36,processed C:\Users\TestAdmin\Documents\RanSim\TestDirectory\Scenarios\StrongCryptorFast-TestFiles\test3.docx
2018-05-24 09:06:06,finished
2023-11-10 09:39:50,starting in C:\Users\TestAdmin\Desktop\EO\Ransim\Scenarios\StrongCryptorFast\
2023-11-10 09:39:50,Processing 29 files
2023-11-10 09:39:55,processing C:\Users\TestAdmin\Desktop\EO\Ransim\Scenarios\StrongCryptorFast-TestFiles\c10.png
2023-11-10 09:39:56,processing C:\Users\TestAdmin\Desktop\EO\Ransim\Scenarios\StrongCryptorFast-TestFiles\c11.png
2023-11-10 09:39:56,processing C:\Users\TestAdmin\Desktop\EO\Ransim\Scenarios\StrongCryptorFast-TestFiles\c12.png
2023-11-10 09:39:56,processing C:\Users\TestAdmin\Desktop\EO\Ransim\Scenarios\StrongCryptorFast-TestFiles\img10.jpg
2023-11-10 09:39:57,processing C:\Users\TestAdmin\Desktop\EO\Ransim\Scenarios\StrongCryptorFast-TestFiles\img11.jpg
2023-11-10 09:39:57,processing C:\Users\TestAdmin\Desktop\EO\Ransim\Scenarios\StrongCryptorFast-TestFiles\img12.jpg
2023-11-10 09:39:57,processing C:\Users\TestAdmin\Desktop\EO\Ransim\Scenarios\StrongCryptorFast-TestFiles\img20.jpg
2023-11-10 09:39:58,processing C:\Users\TestAdmin\Desktop\EO\Ransim\Scenarios\StrongCryptorFast-TestFiles\img21.jpg
2023-11-10 09:39:58,processing C:\Users\TestAdmin\Desktop\EO\Ransim\Scenarios\StrongCryptorFast-TestFiles\img22.jpg
2023-11-10 09:39:58,processing C:\Users\TestAdmin\Desktop\EO\Ransim\Scenarios\StrongCryptorFast-TestFiles\img30.jpg
2023-11-10 09:39:58,processing C:\Users\TestAdmin\Desktop\EO\Ransim\Scenarios\StrongCryptorFast-TestFiles\img31.jpg
2023-11-10 09:39:59,processing C:\Users\TestAdmin\Desktop\EO\Ransim\Scenarios\StrongCryptorFast-TestFiles\img32.jpg
2023-11-10 09:39:59,processing C:\Users\TestAdmin\Desktop\EO\Ransim\Scenarios\StrongCryptorFast-TestFiles\MOCK_DATA1.csv
2023-11-10 09:39:59,processing C:\Users\TestAdmin\Desktop\EO\Ransim\Scenarios\StrongCryptorFast-TestFiles\MOCK_DATA1.docx
2023-11-10 09:40:00,processing C:\Users\TestAdmin\Desktop\EO\Ransim\Scenarios\StrongCryptorFast-TestFiles\MOCK_DATA1.pdf
2023-11-10 09:40:00,processing C:\Users\TestAdmin\Desktop\EO\Ransim\Scenarios\StrongCryptorFast-TestFiles\MOCK_DATA1.pptx
2023-11-10 09:40:00,processing C:\Users\TestAdmin\Desktop\EO\Ransim\Scenarios\StrongCryptorFast-TestFiles\MOCK_DATA1.xlsx
2023-11-10 09:40:01,processing C:\Users\TestAdmin\Desktop\EO\Ransim\Scenarios\StrongCryptorFast-TestFiles\MOCK_DATA2.csv
2023-11-10 09:40:01,processing C:\Users\TestAdmin\Desktop\EO\Ransim\Scenarios\StrongCryptorFast-TestFiles\MOCK_DATA2.docx
2023-11-10 09:40:01,processing C:\Users\TestAdmin\Desktop\EO\Ransim\Scenarios\StrongCryptorFast-TestFiles\MOCK_DATA2.pdf
2023-11-10 09:40:02,processing C:\Users\TestAdmin\Desktop\EO\Ransim\Scenarios\StrongCryptorFast-TestFiles\MOCK_DATA2.pptx
2023-11-10 09:40:02,processing C:\Users\TestAdmin\Desktop\EO\Ransim\Scenarios\StrongCryptorFast-TestFiles\MOCK_DATA3.csv
2023-11-10 09:40:02,processing C:\Users\TestAdmin\Desktop\EO\Ransim\Scenarios\StrongCryptorFast-TestFiles\MOCK_DATA3.docx
2023-11-10 09:40:03,processing C:\Users\TestAdmin\Desktop\EO\Ransim\Scenarios\StrongCryptorFast-TestFiles\MOCK_DATA3.pdf
2023-11-10 09:40:03,processing C:\Users\TestAdmin\Desktop\EO\Ransim\Scenarios\StrongCryptorFast-TestFiles\MOCK_DATA3.pptx
2023-11-10 09:40:03,processing C:\Users\TestAdmin\Desktop\EO\Ransim\Scenarios\StrongCryptorFast-TestFiles\MOCK_DATA3.xlsx
2023-11-10 09:40:04,processing C:\Users\TestAdmin\Desktop\EO\Ransim\Scenarios\StrongCryptorFast-TestFiles\test1.docx
2023-11-10 09:40:04,processing C:\Users\TestAdmin\Desktop\EO\Ransim\Scenarios\StrongCryptorFast-TestFiles\test2.docx
2023-11-10 09:40:04,processing C:\Users\TestAdmin\Desktop\EO\Ransim\Scenarios\StrongCryptorFast-TestFiles\test3.docx
2023-11-10 09:40:05,erasing C:\Users\TestAdmin\Desktop\EO\Ransim\Scenarios\StrongCryptorFast-TestFiles\c10.png
2023-11-10 09:40:05,processed C:\Users\TestAdmin\Desktop\EO\Ransim\Scenarios\StrongCryptorFast-TestFiles\c10.png
2023-11-10 09:40:05,erasing C:\Users\TestAdmin\Desktop\EO\Ransim\Scenarios\StrongCryptorFast-TestFiles\c11.png
2023-11-10 09:40:05,processed C:\Users\TestAdmin\Desktop\EO\Ransim\Scenarios\StrongCryptorFast-TestFiles\c11.png
2023-11-10 09:40:05,erasing C:\Users\TestAdmin\Desktop\EO\Ransim\Scenarios\StrongCryptorFast-TestFiles\c12.png
2023-11-10 09:40:05,processed C:\Users\TestAdmin\Desktop\EO\Ransim\Scenarios\StrongCryptorFast-TestFiles\c12.png
2023-11-10 09:40:05,erasing C:\Users\TestAdmin\Desktop\EO\Ransim\Scenarios\StrongCryptorFast-TestFiles\img10.jpg
2023-11-10 09:40:05,processed C:\Users\TestAdmin\Desktop\EO\Ransim\Scenarios\StrongCryptorFast-TestFiles\img10.jpg
2023-11-10 09:40:05,erasing C:\Users\TestAdmin\Desktop\EO\Ransim\Scenarios\StrongCryptorFast-TestFiles\img11.jpg
2023-11-10 09:40:05,processed C:\Users\TestAdmin\Desktop\EO\Ransim\Scenarios\StrongCryptorFast-TestFiles\img11.jpg
2023-11-10 09:40:06,erasing C:\Users\TestAdmin\Desktop\EO\Ransim\Scenarios\StrongCryptorFast-TestFiles\img12.jpg
2023-11-10 09:40:06,processed C:\Users\TestAdmin\Desktop\EO\Ransim\Scenarios\StrongCryptorFast-TestFiles\img12.jpg
2023-11-10 09:40:06,erasing C:\Users\TestAdmin\Desktop\EO\Ransim\Scenarios\StrongCryptorFast-TestFiles\img20.jpg
2023-11-10 09:40:06,processed C:\Users\TestAdmin\Desktop\EO\Ransim\Scenarios\StrongCryptorFast-TestFiles\img20.jpg
2023-11-10 09:40:06,erasing C:\Users\TestAdmin\Desktop\EO\Ransim\Scenarios\StrongCryptorFast-TestFiles\img21.jpg
2023-11-10 09:40:06,processed C:\Users\TestAdmin\Desktop\EO\Ransim\Scenarios\StrongCryptorFast-TestFiles\img21.jpg
2023-11-10 09:40:06,erasing C:\Users\TestAdmin\Desktop\EO\Ransim\Scenarios\StrongCryptorFast-TestFiles\img22.jpg
2023-11-10 09:40:06,processed C:\Users\TestAdmin\Desktop\EO\Ransim\Scenarios\StrongCryptorFast-TestFiles\img22.jpg
2023-11-10 09:40:06,erasing C:\Users\TestAdmin\Desktop\EO\Ransim\Scenarios\StrongCryptorFast-TestFiles\img30.jpg
2023-11-10 09:40:06,processed C:\Users\TestAdmin\Desktop\EO\Ransim\Scenarios\StrongCryptorFast-TestFiles\img30.jpg
2023-11-10 09:40:07,erasing C:\Users\TestAdmin\Desktop\EO\Ransim\Scenarios\StrongCryptorFast-TestFiles\img31.jpg
2023-11-10 09:40:07,processed C:\Users\TestAdmin\Desktop\EO\Ransim\Scenarios\StrongCryptorFast-TestFiles\img31.jpg
2023-11-10 09:40:07,erasing C:\Users\TestAdmin\Desktop\EO\Ransim\Scenarios\StrongCryptorFast-TestFiles\img32.jpg
2023-11-10 09:40:07,processed C:\Users\TestAdmin\Desktop\EO\Ransim\Scenarios\StrongCryptorFast-TestFiles\img32.jpg
2023-11-10 09:40:07,erasing C:\Users\TestAdmin\Desktop\EO\Ransim\Scenarios\StrongCryptorFast-TestFiles\MOCK_DATA1.csv
2023-11-10 09:40:07,processed C:\Users\TestAdmin\Desktop\EO\Ransim\Scenarios\StrongCryptorFast-TestFiles\MOCK_DATA1.csv
2023-11-10 09:40:07,erasing C:\Users\TestAdmin\Desktop\EO\Ransim\Scenarios\StrongCryptorFast-TestFiles\MOCK_DATA1.docx
2023-11-10 09:40:07,processed C:\Users\TestAdmin\Desktop\EO\Ransim\Scenarios\StrongCryptorFast-TestFiles\MOCK_DATA1.docx
2023-11-10 09:40:07,erasing C:\Users\TestAdmin\Desktop\EO\Ransim\Scenarios\StrongCryptorFast-TestFiles\MOCK_DATA1.pdf
2023-11-10 09:40:07,processed C:\Users\TestAdmin\Desktop\EO\Ransim\Scenarios\StrongCryptorFast-TestFiles\MOCK_DATA1.pdf
2023-11-10 09:40:08,erasing C:\Users\TestAdmin\Desktop\EO\Ransim\Scenarios\StrongCryptorFast-TestFiles\MOCK_DATA1.pptx
2023-11-10 09:40:08,processed C:\Users\TestAdmin\Desktop\EO\Ransim\Scenarios\StrongCryptorFast-TestFiles\MOCK_DATA1.pptx
2023-11-10 09:40:08,erasing C:\Users\TestAdmin\Desktop\EO\Ransim\Scenarios\StrongCryptorFast-TestFiles\MOCK_DATA1.xlsx
2023-11-10 09:40:08,processed C:\Users\TestAdmin\Desktop\EO\Ransim\Scenarios\StrongCryptorFast-TestFiles\MOCK_DATA1.xlsx
2023-11-10 09:40:08,erasing C:\Users\TestAdmin\Desktop\EO\Ransim\Scenarios\StrongCryptorFast-TestFiles\MOCK_DATA2.csv
2023-11-10 09:40:08,processed C:\Users\TestAdmin\Desktop\EO\Ransim\Scenarios\StrongCryptorFast-TestFiles\MOCK_DATA2.csv
2023-11-10 09:40:08,erasing C:\Users\TestAdmin\Desktop\EO\Ransim\Scenarios\StrongCryptorFast-TestFiles\MOCK_DATA2.docx
2023-11-10 09:40:08,processed C:\Users\TestAdmin\Desktop\EO\Ransim\Scenarios\StrongCryptorFast-TestFiles\MOCK_DATA2.docx
2023-11-10 09:40:09,erasing C:\Users\TestAdmin\Desktop\EO\Ransim\Scenarios\StrongCryptorFast-TestFiles\MOCK_DATA2.pdf
2023-11-10 09:40:09,processed C:\Users\TestAdmin\Desktop\EO\Ransim\Scenarios\StrongCryptorFast-TestFiles\MOCK_DATA2.pdf
2023-11-10 09:40:09,erasing C:\Users\TestAdmin\Desktop\EO\Ransim\Scenarios\StrongCryptorFast-TestFiles\MOCK_DATA2.pptx
2023-11-10 09:40:09,processed C:\Users\TestAdmin\Desktop\EO\Ransim\Scenarios\StrongCryptorFast-TestFiles\MOCK_DATA2.pptx
2023-11-10 09:40:09,erasing C:\Users\TestAdmin\Desktop\EO\Ransim\Scenarios\StrongCryptorFast-TestFiles\MOCK_DATA3.csv
2023-11-10 09:40:09,processed C:\Users\TestAdmin\Desktop\EO\Ransim\Scenarios\StrongCryptorFast-TestFiles\MOCK_DATA3.csv
2023-11-10 09:40:09,erasing C:\Users\TestAdmin\Desktop\EO\Ransim\Scenarios\StrongCryptorFast-TestFiles\MOCK_DATA3.docx
2023-11-10 09:40:09,processed C:\Users\TestAdmin\Desktop\EO\Ransim\Scenarios\StrongCryptorFast-TestFiles\MOCK_DATA3.docx
2023-11-10 09:40:09,erasing C:\Users\TestAdmin\Desktop\EO\Ransim\Scenarios\StrongCryptorFast-TestFiles\MOCK_DATA3.pdf
2023-11-10 09:40:09,processed C:\Users\TestAdmin\Desktop\EO\Ransim\Scenarios\StrongCryptorFast-TestFiles\MOCK_DATA3.pdf
2023-11-10 09:40:10,erasing C:\Users\TestAdmin\Desktop\EO\Ransim\Scenarios\StrongCryptorFast-TestFiles\MOCK_DATA3.pptx
2023-11-10 09:40:10,processed C:\Users\TestAdmin\Desktop\EO\Ransim\Scenarios\StrongCryptorFast-TestFiles\MOCK_DATA3.pptx
2023-11-10 09:40:10,erasing C:\Users\TestAdmin\Desktop\EO\Ransim\Scenarios\StrongCryptorFast-TestFiles\MOCK_DATA3.xlsx
2023-11-10 09:40:10,processed C:\Users\TestAdmin\Desktop\EO\Ransim\Scenarios\StrongCryptorFast-TestFiles\MOCK_DATA3.xlsx
2023-11-10 09:40:10,erasing C:\Users\TestAdmin\Desktop\EO\Ransim\Scenarios\StrongCryptorFast-TestFiles\test1.docx
2023-11-10 09:40:10,processed C:\Users\TestAdmin\Desktop\EO\Ransim\Scenarios\StrongCryptorFast-TestFiles\test1.docx
2023-11-10 09:40:10,erasing C:\Users\TestAdmin\Desktop\EO\Ransim\Scenarios\StrongCryptorFast-TestFiles\test2.docx
2023-11-10 09:40:10,processed C:\Users\TestAdmin\Desktop\EO\Ransim\Scenarios\StrongCryptorFast-TestFiles\test2.docx
2023-11-10 09:40:10,erasing C:\Users\TestAdmin\Desktop\EO\Ransim\Scenarios\StrongCryptorFast-TestFiles\test3.docx
2023-11-10 09:40:10,processed C:\Users\TestAdmin\Desktop\EO\Ransim\Scenarios\StrongCryptorFast-TestFiles\test3.docx
2023-11-10 09:40:41,finished
2023-11-10 16:16:52,starting in C:\Users\TestAdmin\Desktop\EO\Ransim\Scenarios\StrongCryptorFast\
2023-11-10 16:16:52,Processing 29 files
2023-11-10 16:16:57,processing C:\Users\TestAdmin\Desktop\EO\Ransim\Scenarios\StrongCryptorFast-TestFiles\c10.png
2023-11-10 16:18:28,processing C:\Users\TestAdmin\Desktop\EO\Ransim\Scenarios\StrongCryptorFast-TestFiles\c11.png
2023-11-10 16:18:28,processing C:\Users\TestAdmin\Desktop\EO\Ransim\Scenarios\StrongCryptorFast-TestFiles\c12.png
2023-11-10 16:18:28,processing C:\Users\TestAdmin\Desktop\EO\Ransim\Scenarios\StrongCryptorFast-TestFiles\img10.jpg
2023-11-10 16:18:28,processing C:\Users\TestAdmin\Desktop\EO\Ransim\Scenarios\StrongCryptorFast-TestFiles\img11.jpg
2023-11-10 16:18:29,processing C:\Users\TestAdmin\Desktop\EO\Ransim\Scenarios\StrongCryptorFast-TestFiles\img12.jpg
2023-11-10 16:18:29,processing C:\Users\TestAdmin\Desktop\EO\Ransim\Scenarios\StrongCryptorFast-TestFiles\img20.jpg
2023-11-10 16:18:29,processing C:\Users\TestAdmin\Desktop\EO\Ransim\Scenarios\StrongCryptorFast-TestFiles\img21.jpg
2023-11-10 16:18:30,processing C:\Users\TestAdmin\Desktop\EO\Ransim\Scenarios\StrongCryptorFast-TestFiles\img22.jpg
2023-11-10 16:18:30,processing C:\Users\TestAdmin\Desktop\EO\Ransim\Scenarios\StrongCryptorFast-TestFiles\img30.jpg
2023-11-10 16:18:30,processing C:\Users\TestAdmin\Desktop\EO\Ransim\Scenarios\StrongCryptorFast-TestFiles\img31.jpg
2023-11-10 16:18:31,processing C:\Users\TestAdmin\Desktop\EO\Ransim\Scenarios\StrongCryptorFast-TestFiles\img32.jpg
2023-11-10 16:18:31,processing C:\Users\TestAdmin\Desktop\EO\Ransim\Scenarios\StrongCryptorFast-TestFiles\MOCK_DATA1.csv
2023-11-10 16:18:31,processing C:\Users\TestAdmin\Desktop\EO\Ransim\Scenarios\StrongCryptorFast-TestFiles\MOCK_DATA1.docx
2023-11-10 16:18:32,processing C:\Users\TestAdmin\Desktop\EO\Ransim\Scenarios\StrongCryptorFast-TestFiles\MOCK_DATA1.pdf
2023-11-10 16:18:32,processing C:\Users\TestAdmin\Desktop\EO\Ransim\Scenarios\StrongCryptorFast-TestFiles\MOCK_DATA1.pptx
2023-11-10 16:18:32,processing C:\Users\TestAdmin\Desktop\EO\Ransim\Scenarios\StrongCryptorFast-TestFiles\MOCK_DATA1.xlsx
2023-11-10 16:18:33,processing C:\Users\TestAdmin\Desktop\EO\Ransim\Scenarios\StrongCryptorFast-TestFiles\MOCK_DATA2.csv
2023-11-10 16:18:33,processing C:\Users\TestAdmin\Desktop\EO\Ransim\Scenarios\StrongCryptorFast-TestFiles\MOCK_DATA2.docx
2023-11-10 16:18:33,processing C:\Users\TestAdmin\Desktop\EO\Ransim\Scenarios\StrongCryptorFast-TestFiles\MOCK_DATA2.pdf
2023-11-10 16:18:33,processing C:\Users\TestAdmin\Desktop\EO\Ransim\Scenarios\StrongCryptorFast-TestFiles\MOCK_DATA2.pptx
2023-11-10 16:18:34,processing C:\Users\TestAdmin\Desktop\EO\Ransim\Scenarios\StrongCryptorFast-TestFiles\MOCK_DATA3.csv
2023-11-10 16:18:34,processing C:\Users\TestAdmin\Desktop\EO\Ransim\Scenarios\StrongCryptorFast-TestFiles\MOCK_DATA3.docx
2023-11-10 16:18:34,processing C:\Users\TestAdmin\Desktop\EO\Ransim\Scenarios\StrongCryptorFast-TestFiles\MOCK_DATA3.pdf
2023-11-10 16:18:35,processing C:\Users\TestAdmin\Desktop\EO\Ransim\Scenarios\StrongCryptorFast-TestFiles\MOCK_DATA3.pptx
2023-11-10 16:18:35,processing C:\Users\TestAdmin\Desktop\EO\Ransim\Scenarios\StrongCryptorFast-TestFiles\MOCK_DATA3.xlsx
2023-11-10 16:18:35,processing C:\Users\TestAdmin\Desktop\EO\Ransim\Scenarios\StrongCryptorFast-TestFiles\test1.docx
2023-11-10 16:18:36,processing C:\Users\TestAdmin\Desktop\EO\Ransim\Scenarios\StrongCryptorFast-TestFiles\test2.docx
2023-11-10 16:18:36,processing C:\Users\TestAdmin\Desktop\EO\Ransim\Scenarios\StrongCryptorFast-TestFiles\test3.docx
2023-11-10 16:18:36,erasing C:\Users\TestAdmin\Desktop\EO\Ransim\Scenarios\StrongCryptorFast-TestFiles\c10.png
2023-11-10 16:18:36,Error processing file:C:\Users\TestAdmin\Desktop\EO\Ransim\Scenarios\StrongCryptorFast-TestFiles\c10.png - The requested operation cannot be performed on a file with a user-mapped section open.

2023-11-10 16:18:36,The requested operation cannot be performed on a file with a user-mapped section open.

   at 
 .
 .
.(String p1)
   at 
 .
 .	
()
2023-11-11 16:29:26,starting in C:\Users\EO11\Desktop\EO11\Ransim\Scenarios\StrongCryptorFast\
2023-11-11 16:29:26,Processing 29 files
2023-11-11 16:29:31,processing C:\Users\EO11\Desktop\EO11\Ransim\Scenarios\StrongCryptorFast-TestFiles\c10.png
2023-11-11 16:29:31,processing C:\Users\EO11\Desktop\EO11\Ransim\Scenarios\StrongCryptorFast-TestFiles\c11.png
2023-11-11 16:29:31,processing C:\Users\EO11\Desktop\EO11\Ransim\Scenarios\StrongCryptorFast-TestFiles\c12.png
2023-11-11 16:29:32,processing C:\Users\EO11\Desktop\EO11\Ransim\Scenarios\StrongCryptorFast-TestFiles\img10.jpg
2023-11-11 16:29:32,processing C:\Users\EO11\Desktop\EO11\Ransim\Scenarios\StrongCryptorFast-TestFiles\img11.jpg
2023-11-11 16:29:32,processing C:\Users\EO11\Desktop\EO11\Ransim\Scenarios\StrongCryptorFast-TestFiles\img12.jpg
2023-11-11 16:29:33,processing C:\Users\EO11\Desktop\EO11\Ransim\Scenarios\StrongCryptorFast-TestFiles\img20.jpg
2023-11-11 16:29:33,processing C:\Users\EO11\Desktop\EO11\Ransim\Scenarios\StrongCryptorFast-TestFiles\img21.jpg
2023-11-11 16:29:33,processing C:\Users\EO11\Desktop\EO11\Ransim\Scenarios\StrongCryptorFast-TestFiles\img22.jpg
2023-11-11 16:29:34,processing C:\Users\EO11\Desktop\EO11\Ransim\Scenarios\StrongCryptorFast-TestFiles\img30.jpg
2023-11-11 16:29:34,processing C:\Users\EO11\Desktop\EO11\Ransim\Scenarios\StrongCryptorFast-TestFiles\img31.jpg
2023-11-11 16:29:35,processing C:\Users\EO11\Desktop\EO11\Ransim\Scenarios\StrongCryptorFast-TestFiles\img32.jpg
2023-11-11 16:29:35,processing C:\Users\EO11\Desktop\EO11\Ransim\Scenarios\StrongCryptorFast-TestFiles\MOCK_DATA1.csv
2023-11-11 16:29:35,processing C:\Users\EO11\Desktop\EO11\Ransim\Scenarios\StrongCryptorFast-TestFiles\MOCK_DATA1.docx
2023-11-11 16:29:36,processing C:\Users\EO11\Desktop\EO11\Ransim\Scenarios\StrongCryptorFast-TestFiles\MOCK_DATA1.pdf
2023-11-11 16:29:36,processing C:\Users\EO11\Desktop\EO11\Ransim\Scenarios\StrongCryptorFast-TestFiles\MOCK_DATA1.pptx
2023-11-11 16:29:36,processing C:\Users\EO11\Desktop\EO11\Ransim\Scenarios\StrongCryptorFast-TestFiles\MOCK_DATA1.xlsx
2023-11-11 16:29:37,processing C:\Users\EO11\Desktop\EO11\Ransim\Scenarios\StrongCryptorFast-TestFiles\MOCK_DATA2.csv
2023-11-11 16:29:37,processing C:\Users\EO11\Desktop\EO11\Ransim\Scenarios\StrongCryptorFast-TestFiles\MOCK_DATA2.docx
2023-11-11 16:29:37,processing C:\Users\EO11\Desktop\EO11\Ransim\Scenarios\StrongCryptorFast-TestFiles\MOCK_DATA2.pdf
2023-11-11 16:29:38,processing C:\Users\EO11\Desktop\EO11\Ransim\Scenarios\StrongCryptorFast-TestFiles\MOCK_DATA2.pptx
2023-11-11 16:29:38,processing C:\Users\EO11\Desktop\EO11\Ransim\Scenarios\StrongCryptorFast-TestFiles\MOCK_DATA3.csv
2023-11-11 16:29:38,processing C:\Users\EO11\Desktop\EO11\Ransim\Scenarios\StrongCryptorFast-TestFiles\MOCK_DATA3.docx
2023-11-11 16:29:39,processing C:\Users\EO11\Desktop\EO11\Ransim\Scenarios\StrongCryptorFast-TestFiles\MOCK_DATA3.pdf
2023-11-11 16:29:39,processing C:\Users\EO11\Desktop\EO11\Ransim\Scenarios\StrongCryptorFast-TestFiles\MOCK_DATA3.pptx
2023-11-11 16:29:40,processing C:\Users\EO11\Desktop\EO11\Ransim\Scenarios\StrongCryptorFast-TestFiles\MOCK_DATA3.xlsx
2023-11-11 16:29:40,processing C:\Users\EO11\Desktop\EO11\Ransim\Scenarios\StrongCryptorFast-TestFiles\test1.docx
2023-11-11 16:29:40,processing C:\Users\EO11\Desktop\EO11\Ransim\Scenarios\StrongCryptorFast-TestFiles\test2.docx
2023-11-11 16:29:41,processing C:\Users\EO11\Desktop\EO11\Ransim\Scenarios\StrongCryptorFast-TestFiles\test3.docx
2023-11-11 16:29:41,erasing C:\Users\EO11\Desktop\EO11\Ransim\Scenarios\StrongCryptorFast-TestFiles\c10.png
2023-11-11 16:29:41,processed C:\Users\EO11\Desktop\EO11\Ransim\Scenarios\StrongCryptorFast-TestFiles\c10.png
2023-11-11 16:29:41,erasing C:\Users\EO11\Desktop\EO11\Ransim\Scenarios\StrongCryptorFast-TestFiles\c11.png
2023-11-11 16:29:41,processed C:\Users\EO11\Desktop\EO11\Ransim\Scenarios\StrongCryptorFast-TestFiles\c11.png
2023-11-11 16:29:41,erasing C:\Users\EO11\Desktop\EO11\Ransim\Scenarios\StrongCryptorFast-TestFiles\c12.png
2023-11-11 16:29:41,processed C:\Users\EO11\Desktop\EO11\Ransim\Scenarios\StrongCryptorFast-TestFiles\c12.png
2023-11-11 16:29:42,erasing C:\Users\EO11\Desktop\EO11\Ransim\Scenarios\StrongCryptorFast-TestFiles\img10.jpg
2023-11-11 16:29:42,processed C:\Users\EO11\Desktop\EO11\Ransim\Scenarios\StrongCryptorFast-TestFiles\img10.jpg
2023-11-11 16:29:42,erasing C:\Users\EO11\Desktop\EO11\Ransim\Scenarios\StrongCryptorFast-TestFiles\img11.jpg
2023-11-11 16:29:42,processed C:\Users\EO11\Desktop\EO11\Ransim\Scenarios\StrongCryptorFast-TestFiles\img11.jpg
2023-11-11 16:29:42,erasing C:\Users\EO11\Desktop\EO11\Ransim\Scenarios\StrongCryptorFast-TestFiles\img12.jpg
2023-11-11 16:29:42,processed C:\Users\EO11\Desktop\EO11\Ransim\Scenarios\StrongCryptorFast-TestFiles\img12.jpg
2023-11-11 16:29:42,erasing C:\Users\EO11\Desktop\EO11\Ransim\Scenarios\StrongCryptorFast-TestFiles\img20.jpg
2023-11-11 16:29:42,processed C:\Users\EO11\Desktop\EO11\Ransim\Scenarios\StrongCryptorFast-TestFiles\img20.jpg
2023-11-11 16:29:42,erasing C:\Users\EO11\Desktop\EO11\Ransim\Scenarios\StrongCryptorFast-TestFiles\img21.jpg
2023-11-11 16:29:42,processed C:\Users\EO11\Desktop\EO11\Ransim\Scenarios\StrongCryptorFast-TestFiles\img21.jpg
2023-11-11 16:29:43,erasing C:\Users\EO11\Desktop\EO11\Ransim\Scenarios\StrongCryptorFast-TestFiles\img22.jpg
2023-11-11 16:29:43,processed C:\Users\EO11\Desktop\EO11\Ransim\Scenarios\StrongCryptorFast-TestFiles\img22.jpg
2023-11-11 16:29:43,erasing C:\Users\EO11\Desktop\EO11\Ransim\Scenarios\StrongCryptorFast-TestFiles\img30.jpg
2023-11-11 16:29:43,processed C:\Users\EO11\Desktop\EO11\Ransim\Scenarios\StrongCryptorFast-TestFiles\img30.jpg
2023-11-11 16:29:43,erasing C:\Users\EO11\Desktop\EO11\Ransim\Scenarios\StrongCryptorFast-TestFiles\img31.jpg
2023-11-11 16:29:43,processed C:\Users\EO11\Desktop\EO11\Ransim\Scenarios\StrongCryptorFast-TestFiles\img31.jpg
2023-11-11 16:29:43,erasing C:\Users\EO11\Desktop\EO11\Ransim\Scenarios\StrongCryptorFast-TestFiles\img32.jpg
2023-11-11 16:29:44,processed C:\Users\EO11\Desktop\EO11\Ransim\Scenarios\StrongCryptorFast-TestFiles\img32.jpg
2023-11-11 16:29:44,erasing C:\Users\EO11\Desktop\EO11\Ransim\Scenarios\StrongCryptorFast-TestFiles\MOCK_DATA1.csv
2023-11-11 16:29:44,processed C:\Users\EO11\Desktop\EO11\Ransim\Scenarios\StrongCryptorFast-TestFiles\MOCK_DATA1.csv
2023-11-11 16:29:44,erasing C:\Users\EO11\Desktop\EO11\Ransim\Scenarios\StrongCryptorFast-TestFiles\MOCK_DATA1.docx
2023-11-11 16:29:44,processed C:\Users\EO11\Desktop\EO11\Ransim\Scenarios\StrongCryptorFast-TestFiles\MOCK_DATA1.docx
2023-11-11 16:29:44,erasing C:\Users\EO11\Desktop\EO11\Ransim\Scenarios\StrongCryptorFast-TestFiles\MOCK_DATA1.pdf
2023-11-11 16:29:44,processed C:\Users\EO11\Desktop\EO11\Ransim\Scenarios\StrongCryptorFast-TestFiles\MOCK_DATA1.pdf
2023-11-11 16:29:44,erasing C:\Users\EO11\Desktop\EO11\Ransim\Scenarios\StrongCryptorFast-TestFiles\MOCK_DATA1.pptx
2023-11-11 16:29:44,processed C:\Users\EO11\Desktop\EO11\Ransim\Scenarios\StrongCryptorFast-TestFiles\MOCK_DATA1.pptx
2023-11-11 16:29:45,erasing C:\Users\EO11\Desktop\EO11\Ransim\Scenarios\StrongCryptorFast-TestFiles\MOCK_DATA1.xlsx
2023-11-11 16:29:45,processed C:\Users\EO11\Desktop\EO11\Ransim\Scenarios\StrongCryptorFast-TestFiles\MOCK_DATA1.xlsx
2023-11-11 16:29:45,erasing C:\Users\EO11\Desktop\EO11\Ransim\Scenarios\StrongCryptorFast-TestFiles\MOCK_DATA2.csv
2023-11-11 16:29:45,processed C:\Users\EO11\Desktop\EO11\Ransim\Scenarios\StrongCryptorFast-TestFiles\MOCK_DATA2.csv
2023-11-11 16:29:45,erasing C:\Users\EO11\Desktop\EO11\Ransim\Scenarios\StrongCryptorFast-TestFiles\MOCK_DATA2.docx
2023-11-11 16:29:45,processed C:\Users\EO11\Desktop\EO11\Ransim\Scenarios\StrongCryptorFast-TestFiles\MOCK_DATA2.docx
2023-11-11 16:29:45,erasing C:\Users\EO11\Desktop\EO11\Ransim\Scenarios\StrongCryptorFast-TestFiles\MOCK_DATA2.pdf
2023-11-11 16:29:45,processed C:\Users\EO11\Desktop\EO11\Ransim\Scenarios\StrongCryptorFast-TestFiles\MOCK_DATA2.pdf
2023-11-11 16:29:46,erasing C:\Users\EO11\Desktop\EO11\Ransim\Scenarios\StrongCryptorFast-TestFiles\MOCK_DATA2.pptx
2023-11-11 16:29:46,processed C:\Users\EO11\Desktop\EO11\Ransim\Scenarios\StrongCryptorFast-TestFiles\MOCK_DATA2.pptx
2023-11-11 16:29:46,erasing C:\Users\EO11\Desktop\EO11\Ransim\Scenarios\StrongCryptorFast-TestFiles\MOCK_DATA3.csv
2023-11-11 16:29:46,processed C:\Users\EO11\Desktop\EO11\Ransim\Scenarios\StrongCryptorFast-TestFiles\MOCK_DATA3.csv
2023-11-11 16:29:46,erasing C:\Users\EO11\Desktop\EO11\Ransim\Scenarios\StrongCryptorFast-TestFiles\MOCK_DATA3.docx
2023-11-11 16:29:46,processed C:\Users\EO11\Desktop\EO11\Ransim\Scenarios\StrongCryptorFast-TestFiles\MOCK_DATA3.docx
2023-11-11 16:29:46,erasing C:\Users\EO11\Desktop\EO11\Ransim\Scenarios\StrongCryptorFast-TestFiles\MOCK_DATA3.pdf
2023-11-11 16:29:46,processed C:\Users\EO11\Desktop\EO11\Ransim\Scenarios\StrongCryptorFast-TestFiles\MOCK_DATA3.pdf
2023-11-11 16:29:47,erasing C:\Users\EO11\Desktop\EO11\Ransim\Scenarios\StrongCryptorFast-TestFiles\MOCK_DATA3.pptx
2023-11-11 16:29:47,processed C:\Users\EO11\Desktop\EO11\Ransim\Scenarios\StrongCryptorFast-TestFiles\MOCK_DATA3.pptx
2023-11-11 16:29:47,erasing C:\Users\EO11\Desktop\EO11\Ransim\Scenarios\StrongCryptorFast-TestFiles\MOCK_DATA3.xlsx
2023-11-11 16:29:47,processed C:\Users\EO11\Desktop\EO11\Ransim\Scenarios\StrongCryptorFast-TestFiles\MOCK_DATA3.xlsx
2023-11-11 16:29:47,erasing C:\Users\EO11\Desktop\EO11\Ransim\Scenarios\StrongCryptorFast-TestFiles\test1.docx
2023-11-11 16:29:47,processed C:\Users\EO11\Desktop\EO11\Ransim\Scenarios\StrongCryptorFast-TestFiles\test1.docx
2023-11-11 16:29:47,erasing C:\Users\EO11\Desktop\EO11\Ransim\Scenarios\StrongCryptorFast-TestFiles\test2.docx
2023-11-11 16:29:47,processed C:\Users\EO11\Desktop\EO11\Ransim\Scenarios\StrongCryptorFast-TestFiles\test2.docx
2023-11-11 16:29:48,erasing C:\Users\EO11\Desktop\EO11\Ransim\Scenarios\StrongCryptorFast-TestFiles\test3.docx
2023-11-11 16:29:48,processed C:\Users\EO11\Desktop\EO11\Ransim\Scenarios\StrongCryptorFast-TestFiles\test3.docx
2023-11-11 16:30:18,finished
