2018-05-24 09:05:18,starting in C:\Users\TestAdmin\Documents\RanSim\TestDirectory\Scenarios\CritroniVariant\
2018-05-24 09:05:18,Processing 29 files. new ext dloxvsm
2018-05-24 09:05:24,processing C:\Users\TestAdmin\Documents\RanSim\TestDirectory\Scenarios\CritroniVariant-TestFiles\c10.png
2018-05-24 09:05:24,moving to C:\Users\TestAdmin\Documents\RanSim\TestDirectory\Scenarios\CritroniVariant-TestFiles\c10.png.dloxvsm
2018-05-24 09:05:24,processed C:\Users\TestAdmin\Documents\RanSim\TestDirectory\Scenarios\CritroniVariant-TestFiles\c10.png
2018-05-24 09:05:24,processing C:\Users\TestAdmin\Documents\RanSim\TestDirectory\Scenarios\CritroniVariant-TestFiles\c11.png
2018-05-24 09:05:24,moving to C:\Users\TestAdmin\Documents\RanSim\TestDirectory\Scenarios\CritroniVariant-TestFiles\c11.png.dloxvsm
2018-05-24 09:05:24,processed C:\Users\TestAdmin\Documents\RanSim\TestDirectory\Scenarios\CritroniVariant-TestFiles\c11.png
2018-05-24 09:05:25,processing C:\Users\TestAdmin\Documents\RanSim\TestDirectory\Scenarios\CritroniVariant-TestFiles\c12.png
2018-05-24 09:05:25,moving to C:\Users\TestAdmin\Documents\RanSim\TestDirectory\Scenarios\CritroniVariant-TestFiles\c12.png.dloxvsm
2018-05-24 09:05:25,processed C:\Users\TestAdmin\Documents\RanSim\TestDirectory\Scenarios\CritroniVariant-TestFiles\c12.png
2018-05-24 09:05:25,processing C:\Users\TestAdmin\Documents\RanSim\TestDirectory\Scenarios\CritroniVariant-TestFiles\img10.jpg
2018-05-24 09:05:25,moving to C:\Users\TestAdmin\Documents\RanSim\TestDirectory\Scenarios\CritroniVariant-TestFiles\img10.jpg.dloxvsm
2018-05-24 09:05:25,processed C:\Users\TestAdmin\Documents\RanSim\TestDirectory\Scenarios\CritroniVariant-TestFiles\img10.jpg
2018-05-24 09:05:26,processing C:\Users\TestAdmin\Documents\RanSim\TestDirectory\Scenarios\CritroniVariant-TestFiles\img11.jpg
2018-05-24 09:05:26,moving to C:\Users\TestAdmin\Documents\RanSim\TestDirectory\Scenarios\CritroniVariant-TestFiles\img11.jpg.dloxvsm
2018-05-24 09:05:26,processed C:\Users\TestAdmin\Documents\RanSim\TestDirectory\Scenarios\CritroniVariant-TestFiles\img11.jpg
2018-05-24 09:05:26,processing C:\Users\TestAdmin\Documents\RanSim\TestDirectory\Scenarios\CritroniVariant-TestFiles\img12.jpg
2018-05-24 09:05:26,moving to C:\Users\TestAdmin\Documents\RanSim\TestDirectory\Scenarios\CritroniVariant-TestFiles\img12.jpg.dloxvsm
2018-05-24 09:05:26,processed C:\Users\TestAdmin\Documents\RanSim\TestDirectory\Scenarios\CritroniVariant-TestFiles\img12.jpg
2018-05-24 09:05:27,processing C:\Users\TestAdmin\Documents\RanSim\TestDirectory\Scenarios\CritroniVariant-TestFiles\img20.jpg
2018-05-24 09:05:27,moving to C:\Users\TestAdmin\Documents\RanSim\TestDirectory\Scenarios\CritroniVariant-TestFiles\img20.jpg.dloxvsm
2018-05-24 09:05:27,processed C:\Users\TestAdmin\Documents\RanSim\TestDirectory\Scenarios\CritroniVariant-TestFiles\img20.jpg
2018-05-24 09:05:27,processing C:\Users\TestAdmin\Documents\RanSim\TestDirectory\Scenarios\CritroniVariant-TestFiles\img21.jpg
2018-05-24 09:05:27,moving to C:\Users\TestAdmin\Documents\RanSim\TestDirectory\Scenarios\CritroniVariant-TestFiles\img21.jpg.dloxvsm
2018-05-24 09:05:27,processed C:\Users\TestAdmin\Documents\RanSim\TestDirectory\Scenarios\CritroniVariant-TestFiles\img21.jpg
2018-05-24 09:05:28,processing C:\Users\TestAdmin\Documents\RanSim\TestDirectory\Scenarios\CritroniVariant-TestFiles\img22.jpg
2018-05-24 09:05:28,moving to C:\Users\TestAdmin\Documents\RanSim\TestDirectory\Scenarios\CritroniVariant-TestFiles\img22.jpg.dloxvsm
2018-05-24 09:05:28,processed C:\Users\TestAdmin\Documents\RanSim\TestDirectory\Scenarios\CritroniVariant-TestFiles\img22.jpg
2018-05-24 09:05:28,processing C:\Users\TestAdmin\Documents\RanSim\TestDirectory\Scenarios\CritroniVariant-TestFiles\img30.jpg
2018-05-24 09:05:28,moving to C:\Users\TestAdmin\Documents\RanSim\TestDirectory\Scenarios\CritroniVariant-TestFiles\img30.jpg.dloxvsm
2018-05-24 09:05:28,processed C:\Users\TestAdmin\Documents\RanSim\TestDirectory\Scenarios\CritroniVariant-TestFiles\img30.jpg
2018-05-24 09:05:29,processing C:\Users\TestAdmin\Documents\RanSim\TestDirectory\Scenarios\CritroniVariant-TestFiles\img31.jpg
2018-05-24 09:05:29,moving to C:\Users\TestAdmin\Documents\RanSim\TestDirectory\Scenarios\CritroniVariant-TestFiles\img31.jpg.dloxvsm
2018-05-24 09:05:29,processed C:\Users\TestAdmin\Documents\RanSim\TestDirectory\Scenarios\CritroniVariant-TestFiles\img31.jpg
2018-05-24 09:05:29,processing C:\Users\TestAdmin\Documents\RanSim\TestDirectory\Scenarios\CritroniVariant-TestFiles\img32.jpg
2018-05-24 09:05:29,moving to C:\Users\TestAdmin\Documents\RanSim\TestDirectory\Scenarios\CritroniVariant-TestFiles\img32.jpg.dloxvsm
2018-05-24 09:05:29,processed C:\Users\TestAdmin\Documents\RanSim\TestDirectory\Scenarios\CritroniVariant-TestFiles\img32.jpg
2018-05-24 09:05:30,processing C:\Users\TestAdmin\Documents\RanSim\TestDirectory\Scenarios\CritroniVariant-TestFiles\MOCK_DATA1.csv
2018-05-24 09:05:30,moving to C:\Users\TestAdmin\Documents\RanSim\TestDirectory\Scenarios\CritroniVariant-TestFiles\MOCK_DATA1.csv.dloxvsm
2018-05-24 09:05:30,processed C:\Users\TestAdmin\Documents\RanSim\TestDirectory\Scenarios\CritroniVariant-TestFiles\MOCK_DATA1.csv
2018-05-24 09:05:30,processing C:\Users\TestAdmin\Documents\RanSim\TestDirectory\Scenarios\CritroniVariant-TestFiles\MOCK_DATA1.docx
2018-05-24 09:05:30,moving to C:\Users\TestAdmin\Documents\RanSim\TestDirectory\Scenarios\CritroniVariant-TestFiles\MOCK_DATA1.docx.dloxvsm
2018-05-24 09:05:30,processed C:\Users\TestAdmin\Documents\RanSim\TestDirectory\Scenarios\CritroniVariant-TestFiles\MOCK_DATA1.docx
2018-05-24 09:05:31,processing C:\Users\TestAdmin\Documents\RanSim\TestDirectory\Scenarios\CritroniVariant-TestFiles\MOCK_DATA1.pdf
2018-05-24 09:05:31,moving to C:\Users\TestAdmin\Documents\RanSim\TestDirectory\Scenarios\CritroniVariant-TestFiles\MOCK_DATA1.pdf.dloxvsm
2018-05-24 09:05:31,processed C:\Users\TestAdmin\Documents\RanSim\TestDirectory\Scenarios\CritroniVariant-TestFiles\MOCK_DATA1.pdf
2018-05-24 09:05:31,processing C:\Users\TestAdmin\Documents\RanSim\TestDirectory\Scenarios\CritroniVariant-TestFiles\MOCK_DATA1.pptx
2018-05-24 09:05:31,moving to C:\Users\TestAdmin\Documents\RanSim\TestDirectory\Scenarios\CritroniVariant-TestFiles\MOCK_DATA1.pptx.dloxvsm
2018-05-24 09:05:31,processed C:\Users\TestAdmin\Documents\RanSim\TestDirectory\Scenarios\CritroniVariant-TestFiles\MOCK_DATA1.pptx
2018-05-24 09:05:32,processing C:\Users\TestAdmin\Documents\RanSim\TestDirectory\Scenarios\CritroniVariant-TestFiles\MOCK_DATA1.xlsx
2018-05-24 09:05:32,moving to C:\Users\TestAdmin\Documents\RanSim\TestDirectory\Scenarios\CritroniVariant-TestFiles\MOCK_DATA1.xlsx.dloxvsm
2018-05-24 09:05:32,processed C:\Users\TestAdmin\Documents\RanSim\TestDirectory\Scenarios\CritroniVariant-TestFiles\MOCK_DATA1.xlsx
2018-05-24 09:05:32,processing C:\Users\TestAdmin\Documents\RanSim\TestDirectory\Scenarios\CritroniVariant-TestFiles\MOCK_DATA2.csv
2018-05-24 09:05:32,moving to C:\Users\TestAdmin\Documents\RanSim\TestDirectory\Scenarios\CritroniVariant-TestFiles\MOCK_DATA2.csv.dloxvsm
2018-05-24 09:05:32,processed C:\Users\TestAdmin\Documents\RanSim\TestDirectory\Scenarios\CritroniVariant-TestFiles\MOCK_DATA2.csv
2018-05-24 09:05:33,processing C:\Users\TestAdmin\Documents\RanSim\TestDirectory\Scenarios\CritroniVariant-TestFiles\MOCK_DATA2.docx
2018-05-24 09:05:33,moving to C:\Users\TestAdmin\Documents\RanSim\TestDirectory\Scenarios\CritroniVariant-TestFiles\MOCK_DATA2.docx.dloxvsm
2018-05-24 09:05:33,processed C:\Users\TestAdmin\Documents\RanSim\TestDirectory\Scenarios\CritroniVariant-TestFiles\MOCK_DATA2.docx
2018-05-24 09:05:33,processing C:\Users\TestAdmin\Documents\RanSim\TestDirectory\Scenarios\CritroniVariant-TestFiles\MOCK_DATA2.pdf
2018-05-24 09:05:33,moving to C:\Users\TestAdmin\Documents\RanSim\TestDirectory\Scenarios\CritroniVariant-TestFiles\MOCK_DATA2.pdf.dloxvsm
2018-05-24 09:05:33,processed C:\Users\TestAdmin\Documents\RanSim\TestDirectory\Scenarios\CritroniVariant-TestFiles\MOCK_DATA2.pdf
2018-05-24 09:05:34,processing C:\Users\TestAdmin\Documents\RanSim\TestDirectory\Scenarios\CritroniVariant-TestFiles\MOCK_DATA2.pptx
2018-05-24 09:05:34,moving to C:\Users\TestAdmin\Documents\RanSim\TestDirectory\Scenarios\CritroniVariant-TestFiles\MOCK_DATA2.pptx.dloxvsm
2018-05-24 09:05:34,processed C:\Users\TestAdmin\Documents\RanSim\TestDirectory\Scenarios\CritroniVariant-TestFiles\MOCK_DATA2.pptx
2018-05-24 09:05:34,processing C:\Users\TestAdmin\Documents\RanSim\TestDirectory\Scenarios\CritroniVariant-TestFiles\MOCK_DATA3.csv
2018-05-24 09:05:34,moving to C:\Users\TestAdmin\Documents\RanSim\TestDirectory\Scenarios\CritroniVariant-TestFiles\MOCK_DATA3.csv.dloxvsm
2018-05-24 09:05:34,processed C:\Users\TestAdmin\Documents\RanSim\TestDirectory\Scenarios\CritroniVariant-TestFiles\MOCK_DATA3.csv
2018-05-24 09:05:35,processing C:\Users\TestAdmin\Documents\RanSim\TestDirectory\Scenarios\CritroniVariant-TestFiles\MOCK_DATA3.docx
2018-05-24 09:05:35,moving to C:\Users\TestAdmin\Documents\RanSim\TestDirectory\Scenarios\CritroniVariant-TestFiles\MOCK_DATA3.docx.dloxvsm
2018-05-24 09:05:35,processed C:\Users\TestAdmin\Documents\RanSim\TestDirectory\Scenarios\CritroniVariant-TestFiles\MOCK_DATA3.docx
2018-05-24 09:05:36,processing C:\Users\TestAdmin\Documents\RanSim\TestDirectory\Scenarios\CritroniVariant-TestFiles\MOCK_DATA3.pdf
2018-05-24 09:05:38,moving to C:\Users\TestAdmin\Documents\RanSim\TestDirectory\Scenarios\CritroniVariant-TestFiles\MOCK_DATA3.pdf.dloxvsm
2018-05-24 09:05:38,processed C:\Users\TestAdmin\Documents\RanSim\TestDirectory\Scenarios\CritroniVariant-TestFiles\MOCK_DATA3.pdf
2018-05-24 09:05:39,processing C:\Users\TestAdmin\Documents\RanSim\TestDirectory\Scenarios\CritroniVariant-TestFiles\MOCK_DATA3.pptx
2018-05-24 09:05:39,moving to C:\Users\TestAdmin\Documents\RanSim\TestDirectory\Scenarios\CritroniVariant-TestFiles\MOCK_DATA3.pptx.dloxvsm
2018-05-24 09:05:39,processed C:\Users\TestAdmin\Documents\RanSim\TestDirectory\Scenarios\CritroniVariant-TestFiles\MOCK_DATA3.pptx
2018-05-24 09:05:39,processing C:\Users\TestAdmin\Documents\RanSim\TestDirectory\Scenarios\CritroniVariant-TestFiles\MOCK_DATA3.xlsx
2018-05-24 09:05:39,moving to C:\Users\TestAdmin\Documents\RanSim\TestDirectory\Scenarios\CritroniVariant-TestFiles\MOCK_DATA3.xlsx.dloxvsm
2018-05-24 09:05:39,processed C:\Users\TestAdmin\Documents\RanSim\TestDirectory\Scenarios\CritroniVariant-TestFiles\MOCK_DATA3.xlsx
2018-05-24 09:05:40,processing C:\Users\TestAdmin\Documents\RanSim\TestDirectory\Scenarios\CritroniVariant-TestFiles\test1.docx
2018-05-24 09:05:40,moving to C:\Users\TestAdmin\Documents\RanSim\TestDirectory\Scenarios\CritroniVariant-TestFiles\test1.docx.dloxvsm
2018-05-24 09:05:40,processed C:\Users\TestAdmin\Documents\RanSim\TestDirectory\Scenarios\CritroniVariant-TestFiles\test1.docx
2018-05-24 09:05:40,processing C:\Users\TestAdmin\Documents\RanSim\TestDirectory\Scenarios\CritroniVariant-TestFiles\test2.docx
2018-05-24 09:05:40,moving to C:\Users\TestAdmin\Documents\RanSim\TestDirectory\Scenarios\CritroniVariant-TestFiles\test2.docx.dloxvsm
2018-05-24 09:05:40,processed C:\Users\TestAdmin\Documents\RanSim\TestDirectory\Scenarios\CritroniVariant-TestFiles\test2.docx
2018-05-24 09:05:41,processing C:\Users\TestAdmin\Documents\RanSim\TestDirectory\Scenarios\CritroniVariant-TestFiles\test3.docx
2018-05-24 09:05:41,moving to C:\Users\TestAdmin\Documents\RanSim\TestDirectory\Scenarios\CritroniVariant-TestFiles\test3.docx.dloxvsm
2018-05-24 09:05:41,processed C:\Users\TestAdmin\Documents\RanSim\TestDirectory\Scenarios\CritroniVariant-TestFiles\test3.docx
2018-05-24 09:06:11,finished
2023-11-10 09:35:40,starting in C:\Users\TestAdmin\Desktop\EO\Ransim\Scenarios\CritroniVariant\
2023-11-10 09:35:40,Processing 29 files. new ext gqvkciq
2023-11-10 09:35:45,processing C:\Users\TestAdmin\Desktop\EO\Ransim\Scenarios\CritroniVariant-TestFiles\c10.png
2023-11-10 09:35:45,moving to C:\Users\TestAdmin\Desktop\EO\Ransim\Scenarios\CritroniVariant-TestFiles\c10.png.gqvkciq
2023-11-10 09:35:45,processed C:\Users\TestAdmin\Desktop\EO\Ransim\Scenarios\CritroniVariant-TestFiles\c10.png
2023-11-10 09:35:45,processing C:\Users\TestAdmin\Desktop\EO\Ransim\Scenarios\CritroniVariant-TestFiles\c11.png
2023-11-10 09:35:45,moving to C:\Users\TestAdmin\Desktop\EO\Ransim\Scenarios\CritroniVariant-TestFiles\c11.png.gqvkciq
2023-11-10 09:35:45,processed C:\Users\TestAdmin\Desktop\EO\Ransim\Scenarios\CritroniVariant-TestFiles\c11.png
2023-11-10 09:35:46,processing C:\Users\TestAdmin\Desktop\EO\Ransim\Scenarios\CritroniVariant-TestFiles\c12.png
2023-11-10 09:35:46,moving to C:\Users\TestAdmin\Desktop\EO\Ransim\Scenarios\CritroniVariant-TestFiles\c12.png.gqvkciq
2023-11-10 09:35:46,processed C:\Users\TestAdmin\Desktop\EO\Ransim\Scenarios\CritroniVariant-TestFiles\c12.png
2023-11-10 09:35:46,processing C:\Users\TestAdmin\Desktop\EO\Ransim\Scenarios\CritroniVariant-TestFiles\img10.jpg
2023-11-10 09:35:46,moving to C:\Users\TestAdmin\Desktop\EO\Ransim\Scenarios\CritroniVariant-TestFiles\img10.jpg.gqvkciq
2023-11-10 09:35:46,processed C:\Users\TestAdmin\Desktop\EO\Ransim\Scenarios\CritroniVariant-TestFiles\img10.jpg
2023-11-10 09:35:47,processing C:\Users\TestAdmin\Desktop\EO\Ransim\Scenarios\CritroniVariant-TestFiles\img11.jpg
2023-11-10 09:35:47,moving to C:\Users\TestAdmin\Desktop\EO\Ransim\Scenarios\CritroniVariant-TestFiles\img11.jpg.gqvkciq
2023-11-10 09:35:47,processed C:\Users\TestAdmin\Desktop\EO\Ransim\Scenarios\CritroniVariant-TestFiles\img11.jpg
2023-11-10 09:35:47,processing C:\Users\TestAdmin\Desktop\EO\Ransim\Scenarios\CritroniVariant-TestFiles\img12.jpg
2023-11-10 09:35:47,moving to C:\Users\TestAdmin\Desktop\EO\Ransim\Scenarios\CritroniVariant-TestFiles\img12.jpg.gqvkciq
2023-11-10 09:35:47,processed C:\Users\TestAdmin\Desktop\EO\Ransim\Scenarios\CritroniVariant-TestFiles\img12.jpg
2023-11-10 09:35:48,processing C:\Users\TestAdmin\Desktop\EO\Ransim\Scenarios\CritroniVariant-TestFiles\img20.jpg
2023-11-10 09:35:48,moving to C:\Users\TestAdmin\Desktop\EO\Ransim\Scenarios\CritroniVariant-TestFiles\img20.jpg.gqvkciq
2023-11-10 09:35:48,processed C:\Users\TestAdmin\Desktop\EO\Ransim\Scenarios\CritroniVariant-TestFiles\img20.jpg
2023-11-10 09:35:48,processing C:\Users\TestAdmin\Desktop\EO\Ransim\Scenarios\CritroniVariant-TestFiles\img21.jpg
2023-11-10 09:35:48,moving to C:\Users\TestAdmin\Desktop\EO\Ransim\Scenarios\CritroniVariant-TestFiles\img21.jpg.gqvkciq
2023-11-10 09:35:48,processed C:\Users\TestAdmin\Desktop\EO\Ransim\Scenarios\CritroniVariant-TestFiles\img21.jpg
2023-11-10 09:35:49,processing C:\Users\TestAdmin\Desktop\EO\Ransim\Scenarios\CritroniVariant-TestFiles\img22.jpg
2023-11-10 09:35:49,moving to C:\Users\TestAdmin\Desktop\EO\Ransim\Scenarios\CritroniVariant-TestFiles\img22.jpg.gqvkciq
2023-11-10 09:35:49,processed C:\Users\TestAdmin\Desktop\EO\Ransim\Scenarios\CritroniVariant-TestFiles\img22.jpg
2023-11-10 09:35:49,processing C:\Users\TestAdmin\Desktop\EO\Ransim\Scenarios\CritroniVariant-TestFiles\img30.jpg
2023-11-10 09:35:49,moving to C:\Users\TestAdmin\Desktop\EO\Ransim\Scenarios\CritroniVariant-TestFiles\img30.jpg.gqvkciq
2023-11-10 09:35:49,processed C:\Users\TestAdmin\Desktop\EO\Ransim\Scenarios\CritroniVariant-TestFiles\img30.jpg
2023-11-10 09:35:50,processing C:\Users\TestAdmin\Desktop\EO\Ransim\Scenarios\CritroniVariant-TestFiles\img31.jpg
2023-11-10 09:35:50,moving to C:\Users\TestAdmin\Desktop\EO\Ransim\Scenarios\CritroniVariant-TestFiles\img31.jpg.gqvkciq
2023-11-10 09:35:50,processed C:\Users\TestAdmin\Desktop\EO\Ransim\Scenarios\CritroniVariant-TestFiles\img31.jpg
2023-11-10 09:35:50,processing C:\Users\TestAdmin\Desktop\EO\Ransim\Scenarios\CritroniVariant-TestFiles\img32.jpg
2023-11-10 09:35:51,moving to C:\Users\TestAdmin\Desktop\EO\Ransim\Scenarios\CritroniVariant-TestFiles\img32.jpg.gqvkciq
2023-11-10 09:35:51,processed C:\Users\TestAdmin\Desktop\EO\Ransim\Scenarios\CritroniVariant-TestFiles\img32.jpg
2023-11-10 09:35:52,processing C:\Users\TestAdmin\Desktop\EO\Ransim\Scenarios\CritroniVariant-TestFiles\MOCK_DATA1.csv
2023-11-10 09:35:52,moving to C:\Users\TestAdmin\Desktop\EO\Ransim\Scenarios\CritroniVariant-TestFiles\MOCK_DATA1.csv.gqvkciq
2023-11-10 09:35:52,processed C:\Users\TestAdmin\Desktop\EO\Ransim\Scenarios\CritroniVariant-TestFiles\MOCK_DATA1.csv
2023-11-10 09:35:52,processing C:\Users\TestAdmin\Desktop\EO\Ransim\Scenarios\CritroniVariant-TestFiles\MOCK_DATA1.docx
2023-11-10 09:35:52,moving to C:\Users\TestAdmin\Desktop\EO\Ransim\Scenarios\CritroniVariant-TestFiles\MOCK_DATA1.docx.gqvkciq
2023-11-10 09:35:52,processed C:\Users\TestAdmin\Desktop\EO\Ransim\Scenarios\CritroniVariant-TestFiles\MOCK_DATA1.docx
2023-11-10 09:35:53,processing C:\Users\TestAdmin\Desktop\EO\Ransim\Scenarios\CritroniVariant-TestFiles\MOCK_DATA1.pdf
2023-11-10 09:35:53,moving to C:\Users\TestAdmin\Desktop\EO\Ransim\Scenarios\CritroniVariant-TestFiles\MOCK_DATA1.pdf.gqvkciq
2023-11-10 09:35:53,processed C:\Users\TestAdmin\Desktop\EO\Ransim\Scenarios\CritroniVariant-TestFiles\MOCK_DATA1.pdf
2023-11-10 09:35:53,processing C:\Users\TestAdmin\Desktop\EO\Ransim\Scenarios\CritroniVariant-TestFiles\MOCK_DATA1.pptx
2023-11-10 09:35:53,moving to C:\Users\TestAdmin\Desktop\EO\Ransim\Scenarios\CritroniVariant-TestFiles\MOCK_DATA1.pptx.gqvkciq
2023-11-10 09:35:53,processed C:\Users\TestAdmin\Desktop\EO\Ransim\Scenarios\CritroniVariant-TestFiles\MOCK_DATA1.pptx
2023-11-10 09:35:54,processing C:\Users\TestAdmin\Desktop\EO\Ransim\Scenarios\CritroniVariant-TestFiles\MOCK_DATA1.xlsx
2023-11-10 09:35:54,moving to C:\Users\TestAdmin\Desktop\EO\Ransim\Scenarios\CritroniVariant-TestFiles\MOCK_DATA1.xlsx.gqvkciq
2023-11-10 09:35:54,processed C:\Users\TestAdmin\Desktop\EO\Ransim\Scenarios\CritroniVariant-TestFiles\MOCK_DATA1.xlsx
2023-11-10 09:35:54,processing C:\Users\TestAdmin\Desktop\EO\Ransim\Scenarios\CritroniVariant-TestFiles\MOCK_DATA2.csv
2023-11-10 09:35:54,moving to C:\Users\TestAdmin\Desktop\EO\Ransim\Scenarios\CritroniVariant-TestFiles\MOCK_DATA2.csv.gqvkciq
2023-11-10 09:35:54,processed C:\Users\TestAdmin\Desktop\EO\Ransim\Scenarios\CritroniVariant-TestFiles\MOCK_DATA2.csv
2023-11-10 09:35:55,processing C:\Users\TestAdmin\Desktop\EO\Ransim\Scenarios\CritroniVariant-TestFiles\MOCK_DATA2.docx
2023-11-10 09:35:55,moving to C:\Users\TestAdmin\Desktop\EO\Ransim\Scenarios\CritroniVariant-TestFiles\MOCK_DATA2.docx.gqvkciq
2023-11-10 09:35:55,processed C:\Users\TestAdmin\Desktop\EO\Ransim\Scenarios\CritroniVariant-TestFiles\MOCK_DATA2.docx
2023-11-10 09:35:55,processing C:\Users\TestAdmin\Desktop\EO\Ransim\Scenarios\CritroniVariant-TestFiles\MOCK_DATA2.pdf
2023-11-10 09:35:55,moving to C:\Users\TestAdmin\Desktop\EO\Ransim\Scenarios\CritroniVariant-TestFiles\MOCK_DATA2.pdf.gqvkciq
2023-11-10 09:35:55,processed C:\Users\TestAdmin\Desktop\EO\Ransim\Scenarios\CritroniVariant-TestFiles\MOCK_DATA2.pdf
2023-11-10 09:35:56,processing C:\Users\TestAdmin\Desktop\EO\Ransim\Scenarios\CritroniVariant-TestFiles\MOCK_DATA2.pptx
2023-11-10 09:35:56,moving to C:\Users\TestAdmin\Desktop\EO\Ransim\Scenarios\CritroniVariant-TestFiles\MOCK_DATA2.pptx.gqvkciq
2023-11-10 09:35:56,processed C:\Users\TestAdmin\Desktop\EO\Ransim\Scenarios\CritroniVariant-TestFiles\MOCK_DATA2.pptx
2023-11-10 09:35:56,processing C:\Users\TestAdmin\Desktop\EO\Ransim\Scenarios\CritroniVariant-TestFiles\MOCK_DATA3.csv
2023-11-10 09:35:56,moving to C:\Users\TestAdmin\Desktop\EO\Ransim\Scenarios\CritroniVariant-TestFiles\MOCK_DATA3.csv.gqvkciq
2023-11-10 09:35:56,processed C:\Users\TestAdmin\Desktop\EO\Ransim\Scenarios\CritroniVariant-TestFiles\MOCK_DATA3.csv
2023-11-10 09:35:57,processing C:\Users\TestAdmin\Desktop\EO\Ransim\Scenarios\CritroniVariant-TestFiles\MOCK_DATA3.docx
2023-11-10 09:35:57,moving to C:\Users\TestAdmin\Desktop\EO\Ransim\Scenarios\CritroniVariant-TestFiles\MOCK_DATA3.docx.gqvkciq
2023-11-10 09:35:57,processed C:\Users\TestAdmin\Desktop\EO\Ransim\Scenarios\CritroniVariant-TestFiles\MOCK_DATA3.docx
2023-11-10 09:35:57,processing C:\Users\TestAdmin\Desktop\EO\Ransim\Scenarios\CritroniVariant-TestFiles\MOCK_DATA3.pdf
2023-11-10 09:35:57,moving to C:\Users\TestAdmin\Desktop\EO\Ransim\Scenarios\CritroniVariant-TestFiles\MOCK_DATA3.pdf.gqvkciq
2023-11-10 09:35:57,processed C:\Users\TestAdmin\Desktop\EO\Ransim\Scenarios\CritroniVariant-TestFiles\MOCK_DATA3.pdf
2023-11-10 09:35:58,processing C:\Users\TestAdmin\Desktop\EO\Ransim\Scenarios\CritroniVariant-TestFiles\MOCK_DATA3.pptx
2023-11-10 09:35:58,moving to C:\Users\TestAdmin\Desktop\EO\Ransim\Scenarios\CritroniVariant-TestFiles\MOCK_DATA3.pptx.gqvkciq
2023-11-10 09:35:58,processed C:\Users\TestAdmin\Desktop\EO\Ransim\Scenarios\CritroniVariant-TestFiles\MOCK_DATA3.pptx
2023-11-10 09:35:58,processing C:\Users\TestAdmin\Desktop\EO\Ransim\Scenarios\CritroniVariant-TestFiles\MOCK_DATA3.xlsx
2023-11-10 09:35:58,moving to C:\Users\TestAdmin\Desktop\EO\Ransim\Scenarios\CritroniVariant-TestFiles\MOCK_DATA3.xlsx.gqvkciq
2023-11-10 09:35:58,processed C:\Users\TestAdmin\Desktop\EO\Ransim\Scenarios\CritroniVariant-TestFiles\MOCK_DATA3.xlsx
2023-11-10 09:35:59,processing C:\Users\TestAdmin\Desktop\EO\Ransim\Scenarios\CritroniVariant-TestFiles\test1.docx
2023-11-10 09:35:59,moving to C:\Users\TestAdmin\Desktop\EO\Ransim\Scenarios\CritroniVariant-TestFiles\test1.docx.gqvkciq
2023-11-10 09:35:59,processed C:\Users\TestAdmin\Desktop\EO\Ransim\Scenarios\CritroniVariant-TestFiles\test1.docx
2023-11-10 09:35:59,processing C:\Users\TestAdmin\Desktop\EO\Ransim\Scenarios\CritroniVariant-TestFiles\test2.docx
2023-11-10 09:35:59,moving to C:\Users\TestAdmin\Desktop\EO\Ransim\Scenarios\CritroniVariant-TestFiles\test2.docx.gqvkciq
2023-11-10 09:35:59,processed C:\Users\TestAdmin\Desktop\EO\Ransim\Scenarios\CritroniVariant-TestFiles\test2.docx
2023-11-10 09:36:00,processing C:\Users\TestAdmin\Desktop\EO\Ransim\Scenarios\CritroniVariant-TestFiles\test3.docx
2023-11-10 09:36:00,moving to C:\Users\TestAdmin\Desktop\EO\Ransim\Scenarios\CritroniVariant-TestFiles\test3.docx.gqvkciq
2023-11-10 09:36:00,processed C:\Users\TestAdmin\Desktop\EO\Ransim\Scenarios\CritroniVariant-TestFiles\test3.docx
2023-11-10 09:36:30,finished
2023-11-10 16:05:43,starting in C:\Users\TestAdmin\Desktop\EO\Ransim\Scenarios\CritroniVariant\
2023-11-10 16:05:43,Processing 29 files. new ext trrlggd
2023-11-10 16:05:48,processing C:\Users\TestAdmin\Desktop\EO\Ransim\Scenarios\CritroniVariant-TestFiles\c10.png
2023-11-10 16:05:49,moving to C:\Users\TestAdmin\Desktop\EO\Ransim\Scenarios\CritroniVariant-TestFiles\c10.png.trrlggd
2023-11-10 16:05:49,processed C:\Users\TestAdmin\Desktop\EO\Ransim\Scenarios\CritroniVariant-TestFiles\c10.png
2023-11-10 16:05:49,processing C:\Users\TestAdmin\Desktop\EO\Ransim\Scenarios\CritroniVariant-TestFiles\c11.png
2023-11-10 16:05:49,moving to C:\Users\TestAdmin\Desktop\EO\Ransim\Scenarios\CritroniVariant-TestFiles\c11.png.trrlggd
2023-11-10 16:05:49,processed C:\Users\TestAdmin\Desktop\EO\Ransim\Scenarios\CritroniVariant-TestFiles\c11.png
2023-11-10 16:05:50,processing C:\Users\TestAdmin\Desktop\EO\Ransim\Scenarios\CritroniVariant-TestFiles\c12.png
2023-11-10 16:05:50,moving to C:\Users\TestAdmin\Desktop\EO\Ransim\Scenarios\CritroniVariant-TestFiles\c12.png.trrlggd
2023-11-10 16:05:50,processed C:\Users\TestAdmin\Desktop\EO\Ransim\Scenarios\CritroniVariant-TestFiles\c12.png
2023-11-10 16:05:51,processing C:\Users\TestAdmin\Desktop\EO\Ransim\Scenarios\CritroniVariant-TestFiles\img10.jpg
2023-11-10 16:05:51,moving to C:\Users\TestAdmin\Desktop\EO\Ransim\Scenarios\CritroniVariant-TestFiles\img10.jpg.trrlggd
2023-11-10 16:05:51,processed C:\Users\TestAdmin\Desktop\EO\Ransim\Scenarios\CritroniVariant-TestFiles\img10.jpg
2023-11-10 16:05:51,processing C:\Users\TestAdmin\Desktop\EO\Ransim\Scenarios\CritroniVariant-TestFiles\img11.jpg
2023-11-10 16:05:51,moving to C:\Users\TestAdmin\Desktop\EO\Ransim\Scenarios\CritroniVariant-TestFiles\img11.jpg.trrlggd
2023-11-10 16:05:52,processed C:\Users\TestAdmin\Desktop\EO\Ransim\Scenarios\CritroniVariant-TestFiles\img11.jpg
2023-11-10 16:05:52,processing C:\Users\TestAdmin\Desktop\EO\Ransim\Scenarios\CritroniVariant-TestFiles\img12.jpg
2023-11-10 16:05:52,moving to C:\Users\TestAdmin\Desktop\EO\Ransim\Scenarios\CritroniVariant-TestFiles\img12.jpg.trrlggd
2023-11-10 16:05:52,processed C:\Users\TestAdmin\Desktop\EO\Ransim\Scenarios\CritroniVariant-TestFiles\img12.jpg
2023-11-10 16:05:53,processing C:\Users\TestAdmin\Desktop\EO\Ransim\Scenarios\CritroniVariant-TestFiles\img20.jpg
2023-11-10 16:05:53,moving to C:\Users\TestAdmin\Desktop\EO\Ransim\Scenarios\CritroniVariant-TestFiles\img20.jpg.trrlggd
2023-11-10 16:05:53,processed C:\Users\TestAdmin\Desktop\EO\Ransim\Scenarios\CritroniVariant-TestFiles\img20.jpg
2023-11-10 16:05:53,processing C:\Users\TestAdmin\Desktop\EO\Ransim\Scenarios\CritroniVariant-TestFiles\img21.jpg
2023-11-10 16:05:53,moving to C:\Users\TestAdmin\Desktop\EO\Ransim\Scenarios\CritroniVariant-TestFiles\img21.jpg.trrlggd
2023-11-10 16:05:54,processed C:\Users\TestAdmin\Desktop\EO\Ransim\Scenarios\CritroniVariant-TestFiles\img21.jpg
2023-11-10 16:05:54,processing C:\Users\TestAdmin\Desktop\EO\Ransim\Scenarios\CritroniVariant-TestFiles\img22.jpg
2023-11-10 16:05:54,moving to C:\Users\TestAdmin\Desktop\EO\Ransim\Scenarios\CritroniVariant-TestFiles\img22.jpg.trrlggd
2023-11-10 16:05:54,processed C:\Users\TestAdmin\Desktop\EO\Ransim\Scenarios\CritroniVariant-TestFiles\img22.jpg
2023-11-10 16:05:55,processing C:\Users\TestAdmin\Desktop\EO\Ransim\Scenarios\CritroniVariant-TestFiles\img30.jpg
2023-11-10 16:05:55,moving to C:\Users\TestAdmin\Desktop\EO\Ransim\Scenarios\CritroniVariant-TestFiles\img30.jpg.trrlggd
2023-11-10 16:05:55,processed C:\Users\TestAdmin\Desktop\EO\Ransim\Scenarios\CritroniVariant-TestFiles\img30.jpg
2023-11-10 16:05:55,processing C:\Users\TestAdmin\Desktop\EO\Ransim\Scenarios\CritroniVariant-TestFiles\img31.jpg
2023-11-10 16:05:55,moving to C:\Users\TestAdmin\Desktop\EO\Ransim\Scenarios\CritroniVariant-TestFiles\img31.jpg.trrlggd
2023-11-10 16:05:56,processed C:\Users\TestAdmin\Desktop\EO\Ransim\Scenarios\CritroniVariant-TestFiles\img31.jpg
2023-11-10 16:05:56,processing C:\Users\TestAdmin\Desktop\EO\Ransim\Scenarios\CritroniVariant-TestFiles\img32.jpg
2023-11-10 16:05:56,moving to C:\Users\TestAdmin\Desktop\EO\Ransim\Scenarios\CritroniVariant-TestFiles\img32.jpg.trrlggd
2023-11-10 16:05:56,processed C:\Users\TestAdmin\Desktop\EO\Ransim\Scenarios\CritroniVariant-TestFiles\img32.jpg
2023-11-10 16:05:57,processing C:\Users\TestAdmin\Desktop\EO\Ransim\Scenarios\CritroniVariant-TestFiles\MOCK_DATA1.csv
2023-11-10 16:05:57,moving to C:\Users\TestAdmin\Desktop\EO\Ransim\Scenarios\CritroniVariant-TestFiles\MOCK_DATA1.csv.trrlggd
2023-11-10 16:05:57,processed C:\Users\TestAdmin\Desktop\EO\Ransim\Scenarios\CritroniVariant-TestFiles\MOCK_DATA1.csv
2023-11-10 16:05:57,processing C:\Users\TestAdmin\Desktop\EO\Ransim\Scenarios\CritroniVariant-TestFiles\MOCK_DATA1.docx
2023-11-10 16:05:58,moving to C:\Users\TestAdmin\Desktop\EO\Ransim\Scenarios\CritroniVariant-TestFiles\MOCK_DATA1.docx.trrlggd
2023-11-10 16:05:58,processed C:\Users\TestAdmin\Desktop\EO\Ransim\Scenarios\CritroniVariant-TestFiles\MOCK_DATA1.docx
2023-11-10 16:05:58,processing C:\Users\TestAdmin\Desktop\EO\Ransim\Scenarios\CritroniVariant-TestFiles\MOCK_DATA1.pdf
2023-11-10 16:05:59,moving to C:\Users\TestAdmin\Desktop\EO\Ransim\Scenarios\CritroniVariant-TestFiles\MOCK_DATA1.pdf.trrlggd
2023-11-10 16:05:59,processed C:\Users\TestAdmin\Desktop\EO\Ransim\Scenarios\CritroniVariant-TestFiles\MOCK_DATA1.pdf
2023-11-10 16:05:59,processing C:\Users\TestAdmin\Desktop\EO\Ransim\Scenarios\CritroniVariant-TestFiles\MOCK_DATA1.pptx
2023-11-10 16:05:59,moving to C:\Users\TestAdmin\Desktop\EO\Ransim\Scenarios\CritroniVariant-TestFiles\MOCK_DATA1.pptx.trrlggd
2023-11-10 16:06:00,processed C:\Users\TestAdmin\Desktop\EO\Ransim\Scenarios\CritroniVariant-TestFiles\MOCK_DATA1.pptx
2023-11-10 16:06:00,processing C:\Users\TestAdmin\Desktop\EO\Ransim\Scenarios\CritroniVariant-TestFiles\MOCK_DATA1.xlsx
2023-11-10 16:06:00,moving to C:\Users\TestAdmin\Desktop\EO\Ransim\Scenarios\CritroniVariant-TestFiles\MOCK_DATA1.xlsx.trrlggd
2023-11-10 16:06:00,processed C:\Users\TestAdmin\Desktop\EO\Ransim\Scenarios\CritroniVariant-TestFiles\MOCK_DATA1.xlsx
2023-11-10 16:06:01,processing C:\Users\TestAdmin\Desktop\EO\Ransim\Scenarios\CritroniVariant-TestFiles\MOCK_DATA2.csv
2023-11-10 16:06:01,moving to C:\Users\TestAdmin\Desktop\EO\Ransim\Scenarios\CritroniVariant-TestFiles\MOCK_DATA2.csv.trrlggd
2023-11-10 16:06:01,processed C:\Users\TestAdmin\Desktop\EO\Ransim\Scenarios\CritroniVariant-TestFiles\MOCK_DATA2.csv
2023-11-10 16:06:02,processing C:\Users\TestAdmin\Desktop\EO\Ransim\Scenarios\CritroniVariant-TestFiles\MOCK_DATA2.docx
2023-11-10 16:06:02,moving to C:\Users\TestAdmin\Desktop\EO\Ransim\Scenarios\CritroniVariant-TestFiles\MOCK_DATA2.docx.trrlggd
2023-11-10 16:06:02,processed C:\Users\TestAdmin\Desktop\EO\Ransim\Scenarios\CritroniVariant-TestFiles\MOCK_DATA2.docx
2023-11-10 16:06:02,processing C:\Users\TestAdmin\Desktop\EO\Ransim\Scenarios\CritroniVariant-TestFiles\MOCK_DATA2.pdf
2023-11-10 16:06:02,moving to C:\Users\TestAdmin\Desktop\EO\Ransim\Scenarios\CritroniVariant-TestFiles\MOCK_DATA2.pdf.trrlggd
2023-11-10 16:06:02,processed C:\Users\TestAdmin\Desktop\EO\Ransim\Scenarios\CritroniVariant-TestFiles\MOCK_DATA2.pdf
2023-11-10 16:06:03,processing C:\Users\TestAdmin\Desktop\EO\Ransim\Scenarios\CritroniVariant-TestFiles\MOCK_DATA2.pptx
2023-11-10 16:06:03,moving to C:\Users\TestAdmin\Desktop\EO\Ransim\Scenarios\CritroniVariant-TestFiles\MOCK_DATA2.pptx.trrlggd
2023-11-10 16:06:03,processed C:\Users\TestAdmin\Desktop\EO\Ransim\Scenarios\CritroniVariant-TestFiles\MOCK_DATA2.pptx
2023-11-10 16:06:04,processing C:\Users\TestAdmin\Desktop\EO\Ransim\Scenarios\CritroniVariant-TestFiles\MOCK_DATA3.csv
2023-11-10 16:06:04,moving to C:\Users\TestAdmin\Desktop\EO\Ransim\Scenarios\CritroniVariant-TestFiles\MOCK_DATA3.csv.trrlggd
2023-11-10 16:06:04,processed C:\Users\TestAdmin\Desktop\EO\Ransim\Scenarios\CritroniVariant-TestFiles\MOCK_DATA3.csv
2023-11-10 16:06:04,processing C:\Users\TestAdmin\Desktop\EO\Ransim\Scenarios\CritroniVariant-TestFiles\MOCK_DATA3.docx
2023-11-10 16:06:04,moving to C:\Users\TestAdmin\Desktop\EO\Ransim\Scenarios\CritroniVariant-TestFiles\MOCK_DATA3.docx.trrlggd
2023-11-10 16:06:04,processed C:\Users\TestAdmin\Desktop\EO\Ransim\Scenarios\CritroniVariant-TestFiles\MOCK_DATA3.docx
2023-11-10 16:06:05,processing C:\Users\TestAdmin\Desktop\EO\Ransim\Scenarios\CritroniVariant-TestFiles\MOCK_DATA3.pdf
2023-11-10 16:06:05,moving to C:\Users\TestAdmin\Desktop\EO\Ransim\Scenarios\CritroniVariant-TestFiles\MOCK_DATA3.pdf.trrlggd
2023-11-10 16:06:05,processed C:\Users\TestAdmin\Desktop\EO\Ransim\Scenarios\CritroniVariant-TestFiles\MOCK_DATA3.pdf
2023-11-10 16:06:06,processing C:\Users\TestAdmin\Desktop\EO\Ransim\Scenarios\CritroniVariant-TestFiles\MOCK_DATA3.pptx
2023-11-10 16:06:06,moving to C:\Users\TestAdmin\Desktop\EO\Ransim\Scenarios\CritroniVariant-TestFiles\MOCK_DATA3.pptx.trrlggd
2023-11-10 16:06:06,processed C:\Users\TestAdmin\Desktop\EO\Ransim\Scenarios\CritroniVariant-TestFiles\MOCK_DATA3.pptx
2023-11-10 16:06:06,processing C:\Users\TestAdmin\Desktop\EO\Ransim\Scenarios\CritroniVariant-TestFiles\MOCK_DATA3.xlsx
2023-11-10 16:06:06,moving to C:\Users\TestAdmin\Desktop\EO\Ransim\Scenarios\CritroniVariant-TestFiles\MOCK_DATA3.xlsx.trrlggd
2023-11-10 16:06:06,processed C:\Users\TestAdmin\Desktop\EO\Ransim\Scenarios\CritroniVariant-TestFiles\MOCK_DATA3.xlsx
2023-11-10 16:06:07,processing C:\Users\TestAdmin\Desktop\EO\Ransim\Scenarios\CritroniVariant-TestFiles\test1.docx
2023-11-10 16:06:07,moving to C:\Users\TestAdmin\Desktop\EO\Ransim\Scenarios\CritroniVariant-TestFiles\test1.docx.trrlggd
2023-11-10 16:06:07,processed C:\Users\TestAdmin\Desktop\EO\Ransim\Scenarios\CritroniVariant-TestFiles\test1.docx
2023-11-10 16:06:08,processing C:\Users\TestAdmin\Desktop\EO\Ransim\Scenarios\CritroniVariant-TestFiles\test2.docx
2023-11-10 16:06:08,moving to C:\Users\TestAdmin\Desktop\EO\Ransim\Scenarios\CritroniVariant-TestFiles\test2.docx.trrlggd
2023-11-10 16:06:08,processed C:\Users\TestAdmin\Desktop\EO\Ransim\Scenarios\CritroniVariant-TestFiles\test2.docx
2023-11-10 16:06:08,processing C:\Users\TestAdmin\Desktop\EO\Ransim\Scenarios\CritroniVariant-TestFiles\test3.docx
2023-11-10 16:06:08,moving to C:\Users\TestAdmin\Desktop\EO\Ransim\Scenarios\CritroniVariant-TestFiles\test3.docx.trrlggd
2023-11-10 16:06:08,processed C:\Users\TestAdmin\Desktop\EO\Ransim\Scenarios\CritroniVariant-TestFiles\test3.docx
2023-11-10 16:06:39,finished
2023-11-11 11:53:47,starting in C:\Users\EO11\Desktop\EO11\Ransim\Scenarios\CritroniVariant\
2023-11-11 11:53:47,Processing 29 files. new ext avhblki
2023-11-11 11:53:52,processing C:\Users\EO11\Desktop\EO11\Ransim\Scenarios\CritroniVariant-TestFiles\c10.png
2023-11-11 11:53:52,moving to C:\Users\EO11\Desktop\EO11\Ransim\Scenarios\CritroniVariant-TestFiles\c10.png.avhblki
2023-11-11 11:53:52,processed C:\Users\EO11\Desktop\EO11\Ransim\Scenarios\CritroniVariant-TestFiles\c10.png
2023-11-11 11:53:52,processing C:\Users\EO11\Desktop\EO11\Ransim\Scenarios\CritroniVariant-TestFiles\c11.png
2023-11-11 11:53:52,moving to C:\Users\EO11\Desktop\EO11\Ransim\Scenarios\CritroniVariant-TestFiles\c11.png.avhblki
2023-11-11 11:53:52,processed C:\Users\EO11\Desktop\EO11\Ransim\Scenarios\CritroniVariant-TestFiles\c11.png
2023-11-11 11:53:53,processing C:\Users\EO11\Desktop\EO11\Ransim\Scenarios\CritroniVariant-TestFiles\c12.png
2023-11-11 11:53:53,moving to C:\Users\EO11\Desktop\EO11\Ransim\Scenarios\CritroniVariant-TestFiles\c12.png.avhblki
2023-11-11 11:53:53,processed C:\Users\EO11\Desktop\EO11\Ransim\Scenarios\CritroniVariant-TestFiles\c12.png
2023-11-11 11:53:53,processing C:\Users\EO11\Desktop\EO11\Ransim\Scenarios\CritroniVariant-TestFiles\img10.jpg
2023-11-11 11:53:53,moving to C:\Users\EO11\Desktop\EO11\Ransim\Scenarios\CritroniVariant-TestFiles\img10.jpg.avhblki
2023-11-11 11:53:53,processed C:\Users\EO11\Desktop\EO11\Ransim\Scenarios\CritroniVariant-TestFiles\img10.jpg
2023-11-11 11:53:54,processing C:\Users\EO11\Desktop\EO11\Ransim\Scenarios\CritroniVariant-TestFiles\img11.jpg
2023-11-11 11:53:54,moving to C:\Users\EO11\Desktop\EO11\Ransim\Scenarios\CritroniVariant-TestFiles\img11.jpg.avhblki
2023-11-11 11:53:54,processed C:\Users\EO11\Desktop\EO11\Ransim\Scenarios\CritroniVariant-TestFiles\img11.jpg
2023-11-11 11:53:54,processing C:\Users\EO11\Desktop\EO11\Ransim\Scenarios\CritroniVariant-TestFiles\img12.jpg
2023-11-11 11:53:54,moving to C:\Users\EO11\Desktop\EO11\Ransim\Scenarios\CritroniVariant-TestFiles\img12.jpg.avhblki
2023-11-11 11:53:54,processed C:\Users\EO11\Desktop\EO11\Ransim\Scenarios\CritroniVariant-TestFiles\img12.jpg
2023-11-11 11:53:55,processing C:\Users\EO11\Desktop\EO11\Ransim\Scenarios\CritroniVariant-TestFiles\img20.jpg
2023-11-11 11:53:55,moving to C:\Users\EO11\Desktop\EO11\Ransim\Scenarios\CritroniVariant-TestFiles\img20.jpg.avhblki
2023-11-11 11:53:55,processed C:\Users\EO11\Desktop\EO11\Ransim\Scenarios\CritroniVariant-TestFiles\img20.jpg
2023-11-11 11:53:55,processing C:\Users\EO11\Desktop\EO11\Ransim\Scenarios\CritroniVariant-TestFiles\img21.jpg
2023-11-11 11:53:55,moving to C:\Users\EO11\Desktop\EO11\Ransim\Scenarios\CritroniVariant-TestFiles\img21.jpg.avhblki
2023-11-11 11:53:55,processed C:\Users\EO11\Desktop\EO11\Ransim\Scenarios\CritroniVariant-TestFiles\img21.jpg
2023-11-11 11:53:56,processing C:\Users\EO11\Desktop\EO11\Ransim\Scenarios\CritroniVariant-TestFiles\img22.jpg
2023-11-11 11:53:56,moving to C:\Users\EO11\Desktop\EO11\Ransim\Scenarios\CritroniVariant-TestFiles\img22.jpg.avhblki
2023-11-11 11:53:56,processed C:\Users\EO11\Desktop\EO11\Ransim\Scenarios\CritroniVariant-TestFiles\img22.jpg
2023-11-11 11:53:56,processing C:\Users\EO11\Desktop\EO11\Ransim\Scenarios\CritroniVariant-TestFiles\img30.jpg
2023-11-11 11:53:56,moving to C:\Users\EO11\Desktop\EO11\Ransim\Scenarios\CritroniVariant-TestFiles\img30.jpg.avhblki
2023-11-11 11:53:56,processed C:\Users\EO11\Desktop\EO11\Ransim\Scenarios\CritroniVariant-TestFiles\img30.jpg
2023-11-11 11:53:57,processing C:\Users\EO11\Desktop\EO11\Ransim\Scenarios\CritroniVariant-TestFiles\img31.jpg
2023-11-11 11:53:57,moving to C:\Users\EO11\Desktop\EO11\Ransim\Scenarios\CritroniVariant-TestFiles\img31.jpg.avhblki
2023-11-11 11:53:57,processed C:\Users\EO11\Desktop\EO11\Ransim\Scenarios\CritroniVariant-TestFiles\img31.jpg
2023-11-11 11:53:57,processing C:\Users\EO11\Desktop\EO11\Ransim\Scenarios\CritroniVariant-TestFiles\img32.jpg
2023-11-11 11:53:57,moving to C:\Users\EO11\Desktop\EO11\Ransim\Scenarios\CritroniVariant-TestFiles\img32.jpg.avhblki
2023-11-11 11:53:57,processed C:\Users\EO11\Desktop\EO11\Ransim\Scenarios\CritroniVariant-TestFiles\img32.jpg
2023-11-11 11:53:58,processing C:\Users\EO11\Desktop\EO11\Ransim\Scenarios\CritroniVariant-TestFiles\MOCK_DATA1.csv
2023-11-11 11:53:58,moving to C:\Users\EO11\Desktop\EO11\Ransim\Scenarios\CritroniVariant-TestFiles\MOCK_DATA1.csv.avhblki
2023-11-11 11:53:58,processed C:\Users\EO11\Desktop\EO11\Ransim\Scenarios\CritroniVariant-TestFiles\MOCK_DATA1.csv
2023-11-11 11:53:58,processing C:\Users\EO11\Desktop\EO11\Ransim\Scenarios\CritroniVariant-TestFiles\MOCK_DATA1.docx
2023-11-11 11:53:58,moving to C:\Users\EO11\Desktop\EO11\Ransim\Scenarios\CritroniVariant-TestFiles\MOCK_DATA1.docx.avhblki
2023-11-11 11:53:58,processed C:\Users\EO11\Desktop\EO11\Ransim\Scenarios\CritroniVariant-TestFiles\MOCK_DATA1.docx
2023-11-11 11:53:59,processing C:\Users\EO11\Desktop\EO11\Ransim\Scenarios\CritroniVariant-TestFiles\MOCK_DATA1.pdf
2023-11-11 11:53:59,moving to C:\Users\EO11\Desktop\EO11\Ransim\Scenarios\CritroniVariant-TestFiles\MOCK_DATA1.pdf.avhblki
2023-11-11 11:53:59,processed C:\Users\EO11\Desktop\EO11\Ransim\Scenarios\CritroniVariant-TestFiles\MOCK_DATA1.pdf
2023-11-11 11:54:00,processing C:\Users\EO11\Desktop\EO11\Ransim\Scenarios\CritroniVariant-TestFiles\MOCK_DATA1.pptx
2023-11-11 11:54:00,moving to C:\Users\EO11\Desktop\EO11\Ransim\Scenarios\CritroniVariant-TestFiles\MOCK_DATA1.pptx.avhblki
2023-11-11 11:54:00,processed C:\Users\EO11\Desktop\EO11\Ransim\Scenarios\CritroniVariant-TestFiles\MOCK_DATA1.pptx
2023-11-11 11:54:00,processing C:\Users\EO11\Desktop\EO11\Ransim\Scenarios\CritroniVariant-TestFiles\MOCK_DATA1.xlsx
2023-11-11 11:54:00,moving to C:\Users\EO11\Desktop\EO11\Ransim\Scenarios\CritroniVariant-TestFiles\MOCK_DATA1.xlsx.avhblki
2023-11-11 11:54:00,processed C:\Users\EO11\Desktop\EO11\Ransim\Scenarios\CritroniVariant-TestFiles\MOCK_DATA1.xlsx
2023-11-11 11:54:01,processing C:\Users\EO11\Desktop\EO11\Ransim\Scenarios\CritroniVariant-TestFiles\MOCK_DATA2.csv
2023-11-11 11:54:01,moving to C:\Users\EO11\Desktop\EO11\Ransim\Scenarios\CritroniVariant-TestFiles\MOCK_DATA2.csv.avhblki
2023-11-11 11:54:01,processed C:\Users\EO11\Desktop\EO11\Ransim\Scenarios\CritroniVariant-TestFiles\MOCK_DATA2.csv
2023-11-11 11:54:01,processing C:\Users\EO11\Desktop\EO11\Ransim\Scenarios\CritroniVariant-TestFiles\MOCK_DATA2.docx
2023-11-11 11:54:01,moving to C:\Users\EO11\Desktop\EO11\Ransim\Scenarios\CritroniVariant-TestFiles\MOCK_DATA2.docx.avhblki
2023-11-11 11:54:01,processed C:\Users\EO11\Desktop\EO11\Ransim\Scenarios\CritroniVariant-TestFiles\MOCK_DATA2.docx
2023-11-11 11:54:02,processing C:\Users\EO11\Desktop\EO11\Ransim\Scenarios\CritroniVariant-TestFiles\MOCK_DATA2.pdf
2023-11-11 11:54:02,moving to C:\Users\EO11\Desktop\EO11\Ransim\Scenarios\CritroniVariant-TestFiles\MOCK_DATA2.pdf.avhblki
2023-11-11 11:54:02,processed C:\Users\EO11\Desktop\EO11\Ransim\Scenarios\CritroniVariant-TestFiles\MOCK_DATA2.pdf
2023-11-11 11:54:02,processing C:\Users\EO11\Desktop\EO11\Ransim\Scenarios\CritroniVariant-TestFiles\MOCK_DATA2.pptx
2023-11-11 11:54:02,moving to C:\Users\EO11\Desktop\EO11\Ransim\Scenarios\CritroniVariant-TestFiles\MOCK_DATA2.pptx.avhblki
2023-11-11 11:54:02,processed C:\Users\EO11\Desktop\EO11\Ransim\Scenarios\CritroniVariant-TestFiles\MOCK_DATA2.pptx
2023-11-11 11:54:03,processing C:\Users\EO11\Desktop\EO11\Ransim\Scenarios\CritroniVariant-TestFiles\MOCK_DATA3.csv
2023-11-11 11:54:03,moving to C:\Users\EO11\Desktop\EO11\Ransim\Scenarios\CritroniVariant-TestFiles\MOCK_DATA3.csv.avhblki
2023-11-11 11:54:03,processed C:\Users\EO11\Desktop\EO11\Ransim\Scenarios\CritroniVariant-TestFiles\MOCK_DATA3.csv
2023-11-11 11:54:03,processing C:\Users\EO11\Desktop\EO11\Ransim\Scenarios\CritroniVariant-TestFiles\MOCK_DATA3.docx
2023-11-11 11:54:03,moving to C:\Users\EO11\Desktop\EO11\Ransim\Scenarios\CritroniVariant-TestFiles\MOCK_DATA3.docx.avhblki
2023-11-11 11:54:03,processed C:\Users\EO11\Desktop\EO11\Ransim\Scenarios\CritroniVariant-TestFiles\MOCK_DATA3.docx
2023-11-11 11:54:04,processing C:\Users\EO11\Desktop\EO11\Ransim\Scenarios\CritroniVariant-TestFiles\MOCK_DATA3.pdf
2023-11-11 11:54:04,moving to C:\Users\EO11\Desktop\EO11\Ransim\Scenarios\CritroniVariant-TestFiles\MOCK_DATA3.pdf.avhblki
2023-11-11 11:54:04,processed C:\Users\EO11\Desktop\EO11\Ransim\Scenarios\CritroniVariant-TestFiles\MOCK_DATA3.pdf
2023-11-11 11:54:04,processing C:\Users\EO11\Desktop\EO11\Ransim\Scenarios\CritroniVariant-TestFiles\MOCK_DATA3.pptx
2023-11-11 11:54:04,moving to C:\Users\EO11\Desktop\EO11\Ransim\Scenarios\CritroniVariant-TestFiles\MOCK_DATA3.pptx.avhblki
2023-11-11 11:54:04,processed C:\Users\EO11\Desktop\EO11\Ransim\Scenarios\CritroniVariant-TestFiles\MOCK_DATA3.pptx
2023-11-11 11:54:05,processing C:\Users\EO11\Desktop\EO11\Ransim\Scenarios\CritroniVariant-TestFiles\MOCK_DATA3.xlsx
2023-11-11 11:54:05,moving to C:\Users\EO11\Desktop\EO11\Ransim\Scenarios\CritroniVariant-TestFiles\MOCK_DATA3.xlsx.avhblki
2023-11-11 11:54:05,processed C:\Users\EO11\Desktop\EO11\Ransim\Scenarios\CritroniVariant-TestFiles\MOCK_DATA3.xlsx
2023-11-11 11:54:05,processing C:\Users\EO11\Desktop\EO11\Ransim\Scenarios\CritroniVariant-TestFiles\test1.docx
2023-11-11 11:54:05,moving to C:\Users\EO11\Desktop\EO11\Ransim\Scenarios\CritroniVariant-TestFiles\test1.docx.avhblki
2023-11-11 11:54:05,processed C:\Users\EO11\Desktop\EO11\Ransim\Scenarios\CritroniVariant-TestFiles\test1.docx
2023-11-11 11:54:06,processing C:\Users\EO11\Desktop\EO11\Ransim\Scenarios\CritroniVariant-TestFiles\test2.docx
2023-11-11 11:54:06,moving to C:\Users\EO11\Desktop\EO11\Ransim\Scenarios\CritroniVariant-TestFiles\test2.docx.avhblki
2023-11-11 11:54:06,processed C:\Users\EO11\Desktop\EO11\Ransim\Scenarios\CritroniVariant-TestFiles\test2.docx
2023-11-11 11:54:06,processing C:\Users\EO11\Desktop\EO11\Ransim\Scenarios\CritroniVariant-TestFiles\test3.docx
2023-11-11 11:54:06,moving to C:\Users\EO11\Desktop\EO11\Ransim\Scenarios\CritroniVariant-TestFiles\test3.docx.avhblki
2023-11-11 11:54:06,processed C:\Users\EO11\Desktop\EO11\Ransim\Scenarios\CritroniVariant-TestFiles\test3.docx
2023-11-11 11:54:37,finished
2023-11-11 11:57:29,starting in C:\Users\EO11\Desktop\EO11\Ransim\Scenarios\CritroniVariant\
2023-11-11 11:57:29,Processing 29 files. new ext lnjdbav
2023-11-11 11:57:34,processing C:\Users\EO11\Desktop\EO11\Ransim\Scenarios\CritroniVariant-TestFiles\c10.png
2023-11-11 11:57:34,moving to C:\Users\EO11\Desktop\EO11\Ransim\Scenarios\CritroniVariant-TestFiles\c10.png.lnjdbav
2023-11-11 11:57:34,processed C:\Users\EO11\Desktop\EO11\Ransim\Scenarios\CritroniVariant-TestFiles\c10.png
2023-11-11 11:57:34,processing C:\Users\EO11\Desktop\EO11\Ransim\Scenarios\CritroniVariant-TestFiles\c11.png
2023-11-11 11:57:35,moving to C:\Users\EO11\Desktop\EO11\Ransim\Scenarios\CritroniVariant-TestFiles\c11.png.lnjdbav
2023-11-11 11:57:35,processed C:\Users\EO11\Desktop\EO11\Ransim\Scenarios\CritroniVariant-TestFiles\c11.png
2023-11-11 11:57:35,processing C:\Users\EO11\Desktop\EO11\Ransim\Scenarios\CritroniVariant-TestFiles\c12.png
2023-11-11 11:57:35,moving to C:\Users\EO11\Desktop\EO11\Ransim\Scenarios\CritroniVariant-TestFiles\c12.png.lnjdbav
2023-11-11 11:57:35,processed C:\Users\EO11\Desktop\EO11\Ransim\Scenarios\CritroniVariant-TestFiles\c12.png
2023-11-11 11:57:36,processing C:\Users\EO11\Desktop\EO11\Ransim\Scenarios\CritroniVariant-TestFiles\img10.jpg
2023-11-11 11:57:36,moving to C:\Users\EO11\Desktop\EO11\Ransim\Scenarios\CritroniVariant-TestFiles\img10.jpg.lnjdbav
2023-11-11 11:57:36,processed C:\Users\EO11\Desktop\EO11\Ransim\Scenarios\CritroniVariant-TestFiles\img10.jpg
2023-11-11 11:57:36,processing C:\Users\EO11\Desktop\EO11\Ransim\Scenarios\CritroniVariant-TestFiles\img11.jpg
2023-11-11 11:57:36,moving to C:\Users\EO11\Desktop\EO11\Ransim\Scenarios\CritroniVariant-TestFiles\img11.jpg.lnjdbav
2023-11-11 11:57:36,processed C:\Users\EO11\Desktop\EO11\Ransim\Scenarios\CritroniVariant-TestFiles\img11.jpg
2023-11-11 11:57:37,processing C:\Users\EO11\Desktop\EO11\Ransim\Scenarios\CritroniVariant-TestFiles\img12.jpg
2023-11-11 11:57:37,moving to C:\Users\EO11\Desktop\EO11\Ransim\Scenarios\CritroniVariant-TestFiles\img12.jpg.lnjdbav
2023-11-11 11:57:37,processed C:\Users\EO11\Desktop\EO11\Ransim\Scenarios\CritroniVariant-TestFiles\img12.jpg
2023-11-11 11:57:38,processing C:\Users\EO11\Desktop\EO11\Ransim\Scenarios\CritroniVariant-TestFiles\img20.jpg
2023-11-11 11:57:38,moving to C:\Users\EO11\Desktop\EO11\Ransim\Scenarios\CritroniVariant-TestFiles\img20.jpg.lnjdbav
2023-11-11 11:57:38,processed C:\Users\EO11\Desktop\EO11\Ransim\Scenarios\CritroniVariant-TestFiles\img20.jpg
2023-11-11 11:57:38,processing C:\Users\EO11\Desktop\EO11\Ransim\Scenarios\CritroniVariant-TestFiles\img21.jpg
2023-11-11 11:57:38,moving to C:\Users\EO11\Desktop\EO11\Ransim\Scenarios\CritroniVariant-TestFiles\img21.jpg.lnjdbav
2023-11-11 11:57:38,processed C:\Users\EO11\Desktop\EO11\Ransim\Scenarios\CritroniVariant-TestFiles\img21.jpg
2023-11-11 11:57:39,processing C:\Users\EO11\Desktop\EO11\Ransim\Scenarios\CritroniVariant-TestFiles\img22.jpg
2023-11-11 11:57:39,moving to C:\Users\EO11\Desktop\EO11\Ransim\Scenarios\CritroniVariant-TestFiles\img22.jpg.lnjdbav
2023-11-11 11:57:39,processed C:\Users\EO11\Desktop\EO11\Ransim\Scenarios\CritroniVariant-TestFiles\img22.jpg
2023-11-11 11:57:39,processing C:\Users\EO11\Desktop\EO11\Ransim\Scenarios\CritroniVariant-TestFiles\img30.jpg
2023-11-11 11:57:39,moving to C:\Users\EO11\Desktop\EO11\Ransim\Scenarios\CritroniVariant-TestFiles\img30.jpg.lnjdbav
2023-11-11 11:57:39,processed C:\Users\EO11\Desktop\EO11\Ransim\Scenarios\CritroniVariant-TestFiles\img30.jpg
2023-11-11 11:57:40,processing C:\Users\EO11\Desktop\EO11\Ransim\Scenarios\CritroniVariant-TestFiles\img31.jpg
2023-11-11 11:57:40,moving to C:\Users\EO11\Desktop\EO11\Ransim\Scenarios\CritroniVariant-TestFiles\img31.jpg.lnjdbav
2023-11-11 11:57:40,processed C:\Users\EO11\Desktop\EO11\Ransim\Scenarios\CritroniVariant-TestFiles\img31.jpg
2023-11-11 11:57:40,processing C:\Users\EO11\Desktop\EO11\Ransim\Scenarios\CritroniVariant-TestFiles\img32.jpg
2023-11-11 11:57:40,moving to C:\Users\EO11\Desktop\EO11\Ransim\Scenarios\CritroniVariant-TestFiles\img32.jpg.lnjdbav
2023-11-11 11:57:41,processed C:\Users\EO11\Desktop\EO11\Ransim\Scenarios\CritroniVariant-TestFiles\img32.jpg
2023-11-11 11:57:41,processing C:\Users\EO11\Desktop\EO11\Ransim\Scenarios\CritroniVariant-TestFiles\MOCK_DATA1.csv
2023-11-11 11:57:41,moving to C:\Users\EO11\Desktop\EO11\Ransim\Scenarios\CritroniVariant-TestFiles\MOCK_DATA1.csv.lnjdbav
2023-11-11 11:57:41,processed C:\Users\EO11\Desktop\EO11\Ransim\Scenarios\CritroniVariant-TestFiles\MOCK_DATA1.csv
2023-11-11 11:57:42,processing C:\Users\EO11\Desktop\EO11\Ransim\Scenarios\CritroniVariant-TestFiles\MOCK_DATA1.docx
2023-11-11 11:57:42,moving to C:\Users\EO11\Desktop\EO11\Ransim\Scenarios\CritroniVariant-TestFiles\MOCK_DATA1.docx.lnjdbav
2023-11-11 11:57:42,processed C:\Users\EO11\Desktop\EO11\Ransim\Scenarios\CritroniVariant-TestFiles\MOCK_DATA1.docx
2023-11-11 11:57:42,processing C:\Users\EO11\Desktop\EO11\Ransim\Scenarios\CritroniVariant-TestFiles\MOCK_DATA1.pdf
2023-11-11 11:57:42,moving to C:\Users\EO11\Desktop\EO11\Ransim\Scenarios\CritroniVariant-TestFiles\MOCK_DATA1.pdf.lnjdbav
2023-11-11 11:57:42,processed C:\Users\EO11\Desktop\EO11\Ransim\Scenarios\CritroniVariant-TestFiles\MOCK_DATA1.pdf
2023-11-11 11:57:43,processing C:\Users\EO11\Desktop\EO11\Ransim\Scenarios\CritroniVariant-TestFiles\MOCK_DATA1.pptx
2023-11-11 11:57:43,moving to C:\Users\EO11\Desktop\EO11\Ransim\Scenarios\CritroniVariant-TestFiles\MOCK_DATA1.pptx.lnjdbav
2023-11-11 11:57:43,processed C:\Users\EO11\Desktop\EO11\Ransim\Scenarios\CritroniVariant-TestFiles\MOCK_DATA1.pptx
2023-11-11 11:57:43,processing C:\Users\EO11\Desktop\EO11\Ransim\Scenarios\CritroniVariant-TestFiles\MOCK_DATA1.xlsx
2023-11-11 11:57:43,moving to C:\Users\EO11\Desktop\EO11\Ransim\Scenarios\CritroniVariant-TestFiles\MOCK_DATA1.xlsx.lnjdbav
2023-11-11 11:57:43,processed C:\Users\EO11\Desktop\EO11\Ransim\Scenarios\CritroniVariant-TestFiles\MOCK_DATA1.xlsx
2023-11-11 11:57:44,processing C:\Users\EO11\Desktop\EO11\Ransim\Scenarios\CritroniVariant-TestFiles\MOCK_DATA2.csv
2023-11-11 11:57:44,moving to C:\Users\EO11\Desktop\EO11\Ransim\Scenarios\CritroniVariant-TestFiles\MOCK_DATA2.csv.lnjdbav
2023-11-11 11:57:44,processed C:\Users\EO11\Desktop\EO11\Ransim\Scenarios\CritroniVariant-TestFiles\MOCK_DATA2.csv
2023-11-11 11:57:45,processing C:\Users\EO11\Desktop\EO11\Ransim\Scenarios\CritroniVariant-TestFiles\MOCK_DATA2.docx
2023-11-11 11:57:45,moving to C:\Users\EO11\Desktop\EO11\Ransim\Scenarios\CritroniVariant-TestFiles\MOCK_DATA2.docx.lnjdbav
2023-11-11 11:57:45,processed C:\Users\EO11\Desktop\EO11\Ransim\Scenarios\CritroniVariant-TestFiles\MOCK_DATA2.docx
2023-11-11 11:57:45,processing C:\Users\EO11\Desktop\EO11\Ransim\Scenarios\CritroniVariant-TestFiles\MOCK_DATA2.pdf
2023-11-11 11:57:45,moving to C:\Users\EO11\Desktop\EO11\Ransim\Scenarios\CritroniVariant-TestFiles\MOCK_DATA2.pdf.lnjdbav
2023-11-11 11:57:45,processed C:\Users\EO11\Desktop\EO11\Ransim\Scenarios\CritroniVariant-TestFiles\MOCK_DATA2.pdf
2023-11-11 11:57:46,processing C:\Users\EO11\Desktop\EO11\Ransim\Scenarios\CritroniVariant-TestFiles\MOCK_DATA2.pptx
2023-11-11 11:57:46,moving to C:\Users\EO11\Desktop\EO11\Ransim\Scenarios\CritroniVariant-TestFiles\MOCK_DATA2.pptx.lnjdbav
2023-11-11 11:57:46,processed C:\Users\EO11\Desktop\EO11\Ransim\Scenarios\CritroniVariant-TestFiles\MOCK_DATA2.pptx
2023-11-11 11:57:47,processing C:\Users\EO11\Desktop\EO11\Ransim\Scenarios\CritroniVariant-TestFiles\MOCK_DATA3.csv
2023-11-11 11:57:47,moving to C:\Users\EO11\Desktop\EO11\Ransim\Scenarios\CritroniVariant-TestFiles\MOCK_DATA3.csv.lnjdbav
2023-11-11 11:57:47,processed C:\Users\EO11\Desktop\EO11\Ransim\Scenarios\CritroniVariant-TestFiles\MOCK_DATA3.csv
2023-11-11 11:57:47,processing C:\Users\EO11\Desktop\EO11\Ransim\Scenarios\CritroniVariant-TestFiles\MOCK_DATA3.docx
2023-11-11 11:57:47,moving to C:\Users\EO11\Desktop\EO11\Ransim\Scenarios\CritroniVariant-TestFiles\MOCK_DATA3.docx.lnjdbav
2023-11-11 11:57:47,processed C:\Users\EO11\Desktop\EO11\Ransim\Scenarios\CritroniVariant-TestFiles\MOCK_DATA3.docx
2023-11-11 11:57:48,processing C:\Users\EO11\Desktop\EO11\Ransim\Scenarios\CritroniVariant-TestFiles\MOCK_DATA3.pdf
2023-11-11 11:57:48,moving to C:\Users\EO11\Desktop\EO11\Ransim\Scenarios\CritroniVariant-TestFiles\MOCK_DATA3.pdf.lnjdbav
2023-11-11 11:57:48,processed C:\Users\EO11\Desktop\EO11\Ransim\Scenarios\CritroniVariant-TestFiles\MOCK_DATA3.pdf
2023-11-11 11:57:48,processing C:\Users\EO11\Desktop\EO11\Ransim\Scenarios\CritroniVariant-TestFiles\MOCK_DATA3.pptx
2023-11-11 11:57:49,moving to C:\Users\EO11\Desktop\EO11\Ransim\Scenarios\CritroniVariant-TestFiles\MOCK_DATA3.pptx.lnjdbav
2023-11-11 11:57:49,processed C:\Users\EO11\Desktop\EO11\Ransim\Scenarios\CritroniVariant-TestFiles\MOCK_DATA3.pptx
2023-11-11 11:57:49,processing C:\Users\EO11\Desktop\EO11\Ransim\Scenarios\CritroniVariant-TestFiles\MOCK_DATA3.xlsx
2023-11-11 11:57:49,moving to C:\Users\EO11\Desktop\EO11\Ransim\Scenarios\CritroniVariant-TestFiles\MOCK_DATA3.xlsx.lnjdbav
2023-11-11 11:57:49,processed C:\Users\EO11\Desktop\EO11\Ransim\Scenarios\CritroniVariant-TestFiles\MOCK_DATA3.xlsx
2023-11-11 11:57:50,processing C:\Users\EO11\Desktop\EO11\Ransim\Scenarios\CritroniVariant-TestFiles\test1.docx
2023-11-11 11:57:50,moving to C:\Users\EO11\Desktop\EO11\Ransim\Scenarios\CritroniVariant-TestFiles\test1.docx.lnjdbav
2023-11-11 11:57:50,processed C:\Users\EO11\Desktop\EO11\Ransim\Scenarios\CritroniVariant-TestFiles\test1.docx
2023-11-11 11:57:50,processing C:\Users\EO11\Desktop\EO11\Ransim\Scenarios\CritroniVariant-TestFiles\test2.docx
2023-11-11 11:57:51,moving to C:\Users\EO11\Desktop\EO11\Ransim\Scenarios\CritroniVariant-TestFiles\test2.docx.lnjdbav
2023-11-11 11:57:51,processed C:\Users\EO11\Desktop\EO11\Ransim\Scenarios\CritroniVariant-TestFiles\test2.docx
2023-11-11 11:57:51,processing C:\Users\EO11\Desktop\EO11\Ransim\Scenarios\CritroniVariant-TestFiles\test3.docx
2023-11-11 11:57:51,moving to C:\Users\EO11\Desktop\EO11\Ransim\Scenarios\CritroniVariant-TestFiles\test3.docx.lnjdbav
2023-11-11 11:57:51,processed C:\Users\EO11\Desktop\EO11\Ransim\Scenarios\CritroniVariant-TestFiles\test3.docx
2023-11-11 11:58:22,finished
2023-11-11 16:24:51,starting in C:\Users\EO11\Desktop\EO11\Ransim\Scenarios\CritroniVariant\
2023-11-11 16:24:51,Processing 29 files. new ext pxdvxcb
2023-11-11 16:24:56,processing C:\Users\EO11\Desktop\EO11\Ransim\Scenarios\CritroniVariant-TestFiles\c10.png
2023-11-11 16:24:56,moving to C:\Users\EO11\Desktop\EO11\Ransim\Scenarios\CritroniVariant-TestFiles\c10.png.pxdvxcb
2023-11-11 16:24:56,processed C:\Users\EO11\Desktop\EO11\Ransim\Scenarios\CritroniVariant-TestFiles\c10.png
2023-11-11 16:24:56,processing C:\Users\EO11\Desktop\EO11\Ransim\Scenarios\CritroniVariant-TestFiles\c11.png
2023-11-11 16:24:56,moving to C:\Users\EO11\Desktop\EO11\Ransim\Scenarios\CritroniVariant-TestFiles\c11.png.pxdvxcb
2023-11-11 16:24:56,processed C:\Users\EO11\Desktop\EO11\Ransim\Scenarios\CritroniVariant-TestFiles\c11.png
2023-11-11 16:24:57,processing C:\Users\EO11\Desktop\EO11\Ransim\Scenarios\CritroniVariant-TestFiles\c12.png
2023-11-11 16:24:57,moving to C:\Users\EO11\Desktop\EO11\Ransim\Scenarios\CritroniVariant-TestFiles\c12.png.pxdvxcb
2023-11-11 16:24:57,processed C:\Users\EO11\Desktop\EO11\Ransim\Scenarios\CritroniVariant-TestFiles\c12.png
2023-11-11 16:24:57,processing C:\Users\EO11\Desktop\EO11\Ransim\Scenarios\CritroniVariant-TestFiles\img10.jpg
2023-11-11 16:24:57,moving to C:\Users\EO11\Desktop\EO11\Ransim\Scenarios\CritroniVariant-TestFiles\img10.jpg.pxdvxcb
2023-11-11 16:24:57,processed C:\Users\EO11\Desktop\EO11\Ransim\Scenarios\CritroniVariant-TestFiles\img10.jpg
2023-11-11 16:24:58,processing C:\Users\EO11\Desktop\EO11\Ransim\Scenarios\CritroniVariant-TestFiles\img11.jpg
2023-11-11 16:24:58,moving to C:\Users\EO11\Desktop\EO11\Ransim\Scenarios\CritroniVariant-TestFiles\img11.jpg.pxdvxcb
2023-11-11 16:24:58,processed C:\Users\EO11\Desktop\EO11\Ransim\Scenarios\CritroniVariant-TestFiles\img11.jpg
2023-11-11 16:24:58,processing C:\Users\EO11\Desktop\EO11\Ransim\Scenarios\CritroniVariant-TestFiles\img12.jpg
2023-11-11 16:24:58,moving to C:\Users\EO11\Desktop\EO11\Ransim\Scenarios\CritroniVariant-TestFiles\img12.jpg.pxdvxcb
2023-11-11 16:24:58,processed C:\Users\EO11\Desktop\EO11\Ransim\Scenarios\CritroniVariant-TestFiles\img12.jpg
2023-11-11 16:24:59,processing C:\Users\EO11\Desktop\EO11\Ransim\Scenarios\CritroniVariant-TestFiles\img20.jpg
2023-11-11 16:24:59,moving to C:\Users\EO11\Desktop\EO11\Ransim\Scenarios\CritroniVariant-TestFiles\img20.jpg.pxdvxcb
2023-11-11 16:24:59,processed C:\Users\EO11\Desktop\EO11\Ransim\Scenarios\CritroniVariant-TestFiles\img20.jpg
2023-11-11 16:24:59,processing C:\Users\EO11\Desktop\EO11\Ransim\Scenarios\CritroniVariant-TestFiles\img21.jpg
2023-11-11 16:24:59,moving to C:\Users\EO11\Desktop\EO11\Ransim\Scenarios\CritroniVariant-TestFiles\img21.jpg.pxdvxcb
2023-11-11 16:24:59,processed C:\Users\EO11\Desktop\EO11\Ransim\Scenarios\CritroniVariant-TestFiles\img21.jpg
2023-11-11 16:25:00,processing C:\Users\EO11\Desktop\EO11\Ransim\Scenarios\CritroniVariant-TestFiles\img22.jpg
2023-11-11 16:25:00,moving to C:\Users\EO11\Desktop\EO11\Ransim\Scenarios\CritroniVariant-TestFiles\img22.jpg.pxdvxcb
2023-11-11 16:25:00,processed C:\Users\EO11\Desktop\EO11\Ransim\Scenarios\CritroniVariant-TestFiles\img22.jpg
2023-11-11 16:25:01,processing C:\Users\EO11\Desktop\EO11\Ransim\Scenarios\CritroniVariant-TestFiles\img30.jpg
2023-11-11 16:25:01,moving to C:\Users\EO11\Desktop\EO11\Ransim\Scenarios\CritroniVariant-TestFiles\img30.jpg.pxdvxcb
2023-11-11 16:25:01,processed C:\Users\EO11\Desktop\EO11\Ransim\Scenarios\CritroniVariant-TestFiles\img30.jpg
2023-11-11 16:25:01,processing C:\Users\EO11\Desktop\EO11\Ransim\Scenarios\CritroniVariant-TestFiles\img31.jpg
2023-11-11 16:25:01,moving to C:\Users\EO11\Desktop\EO11\Ransim\Scenarios\CritroniVariant-TestFiles\img31.jpg.pxdvxcb
2023-11-11 16:25:01,processed C:\Users\EO11\Desktop\EO11\Ransim\Scenarios\CritroniVariant-TestFiles\img31.jpg
2023-11-11 16:25:02,processing C:\Users\EO11\Desktop\EO11\Ransim\Scenarios\CritroniVariant-TestFiles\img32.jpg
2023-11-11 16:25:02,moving to C:\Users\EO11\Desktop\EO11\Ransim\Scenarios\CritroniVariant-TestFiles\img32.jpg.pxdvxcb
2023-11-11 16:25:02,processed C:\Users\EO11\Desktop\EO11\Ransim\Scenarios\CritroniVariant-TestFiles\img32.jpg
2023-11-11 16:25:02,processing C:\Users\EO11\Desktop\EO11\Ransim\Scenarios\CritroniVariant-TestFiles\MOCK_DATA1.csv
2023-11-11 16:25:02,moving to C:\Users\EO11\Desktop\EO11\Ransim\Scenarios\CritroniVariant-TestFiles\MOCK_DATA1.csv.pxdvxcb
2023-11-11 16:25:02,processed C:\Users\EO11\Desktop\EO11\Ransim\Scenarios\CritroniVariant-TestFiles\MOCK_DATA1.csv
2023-11-11 16:25:03,processing C:\Users\EO11\Desktop\EO11\Ransim\Scenarios\CritroniVariant-TestFiles\MOCK_DATA1.docx
2023-11-11 16:25:03,moving to C:\Users\EO11\Desktop\EO11\Ransim\Scenarios\CritroniVariant-TestFiles\MOCK_DATA1.docx.pxdvxcb
2023-11-11 16:25:03,processed C:\Users\EO11\Desktop\EO11\Ransim\Scenarios\CritroniVariant-TestFiles\MOCK_DATA1.docx
2023-11-11 16:25:03,processing C:\Users\EO11\Desktop\EO11\Ransim\Scenarios\CritroniVariant-TestFiles\MOCK_DATA1.pdf
2023-11-11 16:25:03,moving to C:\Users\EO11\Desktop\EO11\Ransim\Scenarios\CritroniVariant-TestFiles\MOCK_DATA1.pdf.pxdvxcb
2023-11-11 16:25:03,processed C:\Users\EO11\Desktop\EO11\Ransim\Scenarios\CritroniVariant-TestFiles\MOCK_DATA1.pdf
2023-11-11 16:25:04,processing C:\Users\EO11\Desktop\EO11\Ransim\Scenarios\CritroniVariant-TestFiles\MOCK_DATA1.pptx
2023-11-11 16:25:04,moving to C:\Users\EO11\Desktop\EO11\Ransim\Scenarios\CritroniVariant-TestFiles\MOCK_DATA1.pptx.pxdvxcb
2023-11-11 16:25:04,processed C:\Users\EO11\Desktop\EO11\Ransim\Scenarios\CritroniVariant-TestFiles\MOCK_DATA1.pptx
2023-11-11 16:25:04,processing C:\Users\EO11\Desktop\EO11\Ransim\Scenarios\CritroniVariant-TestFiles\MOCK_DATA1.xlsx
2023-11-11 16:25:04,moving to C:\Users\EO11\Desktop\EO11\Ransim\Scenarios\CritroniVariant-TestFiles\MOCK_DATA1.xlsx.pxdvxcb
2023-11-11 16:25:04,processed C:\Users\EO11\Desktop\EO11\Ransim\Scenarios\CritroniVariant-TestFiles\MOCK_DATA1.xlsx
2023-11-11 16:25:05,processing C:\Users\EO11\Desktop\EO11\Ransim\Scenarios\CritroniVariant-TestFiles\MOCK_DATA2.csv
2023-11-11 16:25:05,moving to C:\Users\EO11\Desktop\EO11\Ransim\Scenarios\CritroniVariant-TestFiles\MOCK_DATA2.csv.pxdvxcb
2023-11-11 16:25:05,processed C:\Users\EO11\Desktop\EO11\Ransim\Scenarios\CritroniVariant-TestFiles\MOCK_DATA2.csv
2023-11-11 16:25:05,processing C:\Users\EO11\Desktop\EO11\Ransim\Scenarios\CritroniVariant-TestFiles\MOCK_DATA2.docx
2023-11-11 16:25:05,moving to C:\Users\EO11\Desktop\EO11\Ransim\Scenarios\CritroniVariant-TestFiles\MOCK_DATA2.docx.pxdvxcb
2023-11-11 16:25:05,processed C:\Users\EO11\Desktop\EO11\Ransim\Scenarios\CritroniVariant-TestFiles\MOCK_DATA2.docx
2023-11-11 16:25:06,processing C:\Users\EO11\Desktop\EO11\Ransim\Scenarios\CritroniVariant-TestFiles\MOCK_DATA2.pdf
2023-11-11 16:25:06,moving to C:\Users\EO11\Desktop\EO11\Ransim\Scenarios\CritroniVariant-TestFiles\MOCK_DATA2.pdf.pxdvxcb
2023-11-11 16:25:06,processed C:\Users\EO11\Desktop\EO11\Ransim\Scenarios\CritroniVariant-TestFiles\MOCK_DATA2.pdf
2023-11-11 16:25:06,processing C:\Users\EO11\Desktop\EO11\Ransim\Scenarios\CritroniVariant-TestFiles\MOCK_DATA2.pptx
2023-11-11 16:25:06,moving to C:\Users\EO11\Desktop\EO11\Ransim\Scenarios\CritroniVariant-TestFiles\MOCK_DATA2.pptx.pxdvxcb
2023-11-11 16:25:06,processed C:\Users\EO11\Desktop\EO11\Ransim\Scenarios\CritroniVariant-TestFiles\MOCK_DATA2.pptx
2023-11-11 16:25:07,processing C:\Users\EO11\Desktop\EO11\Ransim\Scenarios\CritroniVariant-TestFiles\MOCK_DATA3.csv
2023-11-11 16:25:07,moving to C:\Users\EO11\Desktop\EO11\Ransim\Scenarios\CritroniVariant-TestFiles\MOCK_DATA3.csv.pxdvxcb
2023-11-11 16:25:07,processed C:\Users\EO11\Desktop\EO11\Ransim\Scenarios\CritroniVariant-TestFiles\MOCK_DATA3.csv
2023-11-11 16:25:07,processing C:\Users\EO11\Desktop\EO11\Ransim\Scenarios\CritroniVariant-TestFiles\MOCK_DATA3.docx
2023-11-11 16:25:07,moving to C:\Users\EO11\Desktop\EO11\Ransim\Scenarios\CritroniVariant-TestFiles\MOCK_DATA3.docx.pxdvxcb
2023-11-11 16:25:07,processed C:\Users\EO11\Desktop\EO11\Ransim\Scenarios\CritroniVariant-TestFiles\MOCK_DATA3.docx
2023-11-11 16:25:08,processing C:\Users\EO11\Desktop\EO11\Ransim\Scenarios\CritroniVariant-TestFiles\MOCK_DATA3.pdf
2023-11-11 16:25:08,moving to C:\Users\EO11\Desktop\EO11\Ransim\Scenarios\CritroniVariant-TestFiles\MOCK_DATA3.pdf.pxdvxcb
2023-11-11 16:25:08,processed C:\Users\EO11\Desktop\EO11\Ransim\Scenarios\CritroniVariant-TestFiles\MOCK_DATA3.pdf
2023-11-11 16:25:08,processing C:\Users\EO11\Desktop\EO11\Ransim\Scenarios\CritroniVariant-TestFiles\MOCK_DATA3.pptx
2023-11-11 16:25:08,moving to C:\Users\EO11\Desktop\EO11\Ransim\Scenarios\CritroniVariant-TestFiles\MOCK_DATA3.pptx.pxdvxcb
2023-11-11 16:25:08,processed C:\Users\EO11\Desktop\EO11\Ransim\Scenarios\CritroniVariant-TestFiles\MOCK_DATA3.pptx
2023-11-11 16:25:09,processing C:\Users\EO11\Desktop\EO11\Ransim\Scenarios\CritroniVariant-TestFiles\MOCK_DATA3.xlsx
2023-11-11 16:25:09,moving to C:\Users\EO11\Desktop\EO11\Ransim\Scenarios\CritroniVariant-TestFiles\MOCK_DATA3.xlsx.pxdvxcb
2023-11-11 16:25:09,processed C:\Users\EO11\Desktop\EO11\Ransim\Scenarios\CritroniVariant-TestFiles\MOCK_DATA3.xlsx
2023-11-11 16:25:09,processing C:\Users\EO11\Desktop\EO11\Ransim\Scenarios\CritroniVariant-TestFiles\test1.docx
2023-11-11 16:25:09,moving to C:\Users\EO11\Desktop\EO11\Ransim\Scenarios\CritroniVariant-TestFiles\test1.docx.pxdvxcb
2023-11-11 16:25:09,processed C:\Users\EO11\Desktop\EO11\Ransim\Scenarios\CritroniVariant-TestFiles\test1.docx
2023-11-11 16:25:10,processing C:\Users\EO11\Desktop\EO11\Ransim\Scenarios\CritroniVariant-TestFiles\test2.docx
2023-11-11 16:25:10,moving to C:\Users\EO11\Desktop\EO11\Ransim\Scenarios\CritroniVariant-TestFiles\test2.docx.pxdvxcb
2023-11-11 16:25:10,processed C:\Users\EO11\Desktop\EO11\Ransim\Scenarios\CritroniVariant-TestFiles\test2.docx
2023-11-11 16:25:10,processing C:\Users\EO11\Desktop\EO11\Ransim\Scenarios\CritroniVariant-TestFiles\test3.docx
2023-11-11 16:25:10,moving to C:\Users\EO11\Desktop\EO11\Ransim\Scenarios\CritroniVariant-TestFiles\test3.docx.pxdvxcb
2023-11-11 16:25:10,processed C:\Users\EO11\Desktop\EO11\Ransim\Scenarios\CritroniVariant-TestFiles\test3.docx
2023-11-11 16:25:41,finished
