2018-05-24 09:05:18,starting in C:\Users\TestAdmin\Documents\RanSim\TestDirectory\Scenarios\InsideCryptor\
2018-05-24 09:05:18,Processing 29 files
2018-05-24 09:05:23,processing C:\Users\TestAdmin\Documents\RanSim\TestDirectory\Scenarios\InsideCryptor-TestFiles\c10.png
2018-05-24 09:05:23,processed C:\Users\TestAdmin\Documents\RanSim\TestDirectory\Scenarios\InsideCryptor-TestFiles\c10.png
2018-05-24 09:05:24,processing C:\Users\TestAdmin\Documents\RanSim\TestDirectory\Scenarios\InsideCryptor-TestFiles\c11.png
2018-05-24 09:05:24,processed C:\Users\TestAdmin\Documents\RanSim\TestDirectory\Scenarios\InsideCryptor-TestFiles\c11.png
2018-05-24 09:05:24,processing C:\Users\TestAdmin\Documents\RanSim\TestDirectory\Scenarios\InsideCryptor-TestFiles\c12.png
2018-05-24 09:05:24,processed C:\Users\TestAdmin\Documents\RanSim\TestDirectory\Scenarios\InsideCryptor-TestFiles\c12.png
2018-05-24 09:05:25,processing C:\Users\TestAdmin\Documents\RanSim\TestDirectory\Scenarios\InsideCryptor-TestFiles\img10.jpg
2018-05-24 09:05:25,processed C:\Users\TestAdmin\Documents\RanSim\TestDirectory\Scenarios\InsideCryptor-TestFiles\img10.jpg
2018-05-24 09:05:25,processing C:\Users\TestAdmin\Documents\RanSim\TestDirectory\Scenarios\InsideCryptor-TestFiles\img11.jpg
2018-05-24 09:05:25,processed C:\Users\TestAdmin\Documents\RanSim\TestDirectory\Scenarios\InsideCryptor-TestFiles\img11.jpg
2018-05-24 09:05:26,processing C:\Users\TestAdmin\Documents\RanSim\TestDirectory\Scenarios\InsideCryptor-TestFiles\img12.jpg
2018-05-24 09:05:26,processed C:\Users\TestAdmin\Documents\RanSim\TestDirectory\Scenarios\InsideCryptor-TestFiles\img12.jpg
2018-05-24 09:05:26,processing C:\Users\TestAdmin\Documents\RanSim\TestDirectory\Scenarios\InsideCryptor-TestFiles\img20.jpg
2018-05-24 09:05:26,processed C:\Users\TestAdmin\Documents\RanSim\TestDirectory\Scenarios\InsideCryptor-TestFiles\img20.jpg
2018-05-24 09:05:27,processing C:\Users\TestAdmin\Documents\RanSim\TestDirectory\Scenarios\InsideCryptor-TestFiles\img21.jpg
2018-05-24 09:05:27,processed C:\Users\TestAdmin\Documents\RanSim\TestDirectory\Scenarios\InsideCryptor-TestFiles\img21.jpg
2018-05-24 09:05:27,processing C:\Users\TestAdmin\Documents\RanSim\TestDirectory\Scenarios\InsideCryptor-TestFiles\img22.jpg
2018-05-24 09:05:27,processed C:\Users\TestAdmin\Documents\RanSim\TestDirectory\Scenarios\InsideCryptor-TestFiles\img22.jpg
2018-05-24 09:05:28,processing C:\Users\TestAdmin\Documents\RanSim\TestDirectory\Scenarios\InsideCryptor-TestFiles\img30.jpg
2018-05-24 09:05:28,processed C:\Users\TestAdmin\Documents\RanSim\TestDirectory\Scenarios\InsideCryptor-TestFiles\img30.jpg
2018-05-24 09:05:28,processing C:\Users\TestAdmin\Documents\RanSim\TestDirectory\Scenarios\InsideCryptor-TestFiles\img31.jpg
2018-05-24 09:05:28,processed C:\Users\TestAdmin\Documents\RanSim\TestDirectory\Scenarios\InsideCryptor-TestFiles\img31.jpg
2018-05-24 09:05:29,processing C:\Users\TestAdmin\Documents\RanSim\TestDirectory\Scenarios\InsideCryptor-TestFiles\img32.jpg
2018-05-24 09:05:29,processed C:\Users\TestAdmin\Documents\RanSim\TestDirectory\Scenarios\InsideCryptor-TestFiles\img32.jpg
2018-05-24 09:05:29,processing C:\Users\TestAdmin\Documents\RanSim\TestDirectory\Scenarios\InsideCryptor-TestFiles\MOCK_DATA1.csv
2018-05-24 09:05:29,processed C:\Users\TestAdmin\Documents\RanSim\TestDirectory\Scenarios\InsideCryptor-TestFiles\MOCK_DATA1.csv
2018-05-24 09:05:30,processing C:\Users\TestAdmin\Documents\RanSim\TestDirectory\Scenarios\InsideCryptor-TestFiles\MOCK_DATA1.docx
2018-05-24 09:05:30,processed C:\Users\TestAdmin\Documents\RanSim\TestDirectory\Scenarios\InsideCryptor-TestFiles\MOCK_DATA1.docx
2018-05-24 09:05:30,processing C:\Users\TestAdmin\Documents\RanSim\TestDirectory\Scenarios\InsideCryptor-TestFiles\MOCK_DATA1.pdf
2018-05-24 09:05:30,processed C:\Users\TestAdmin\Documents\RanSim\TestDirectory\Scenarios\InsideCryptor-TestFiles\MOCK_DATA1.pdf
2018-05-24 09:05:31,processing C:\Users\TestAdmin\Documents\RanSim\TestDirectory\Scenarios\InsideCryptor-TestFiles\MOCK_DATA1.pptx
2018-05-24 09:05:31,processed C:\Users\TestAdmin\Documents\RanSim\TestDirectory\Scenarios\InsideCryptor-TestFiles\MOCK_DATA1.pptx
2018-05-24 09:05:31,processing C:\Users\TestAdmin\Documents\RanSim\TestDirectory\Scenarios\InsideCryptor-TestFiles\MOCK_DATA1.xlsx
2018-05-24 09:05:31,processed C:\Users\TestAdmin\Documents\RanSim\TestDirectory\Scenarios\InsideCryptor-TestFiles\MOCK_DATA1.xlsx
2018-05-24 09:05:32,processing C:\Users\TestAdmin\Documents\RanSim\TestDirectory\Scenarios\InsideCryptor-TestFiles\MOCK_DATA2.csv
2018-05-24 09:05:32,processed C:\Users\TestAdmin\Documents\RanSim\TestDirectory\Scenarios\InsideCryptor-TestFiles\MOCK_DATA2.csv
2018-05-24 09:05:32,processing C:\Users\TestAdmin\Documents\RanSim\TestDirectory\Scenarios\InsideCryptor-TestFiles\MOCK_DATA2.docx
2018-05-24 09:05:32,processed C:\Users\TestAdmin\Documents\RanSim\TestDirectory\Scenarios\InsideCryptor-TestFiles\MOCK_DATA2.docx
2018-05-24 09:05:33,processing C:\Users\TestAdmin\Documents\RanSim\TestDirectory\Scenarios\InsideCryptor-TestFiles\MOCK_DATA2.pdf
2018-05-24 09:05:33,processed C:\Users\TestAdmin\Documents\RanSim\TestDirectory\Scenarios\InsideCryptor-TestFiles\MOCK_DATA2.pdf
2018-05-24 09:05:33,processing C:\Users\TestAdmin\Documents\RanSim\TestDirectory\Scenarios\InsideCryptor-TestFiles\MOCK_DATA2.pptx
2018-05-24 09:05:33,processed C:\Users\TestAdmin\Documents\RanSim\TestDirectory\Scenarios\InsideCryptor-TestFiles\MOCK_DATA2.pptx
2018-05-24 09:05:34,processing C:\Users\TestAdmin\Documents\RanSim\TestDirectory\Scenarios\InsideCryptor-TestFiles\MOCK_DATA3.csv
2018-05-24 09:05:34,processed C:\Users\TestAdmin\Documents\RanSim\TestDirectory\Scenarios\InsideCryptor-TestFiles\MOCK_DATA3.csv
2018-05-24 09:05:34,processing C:\Users\TestAdmin\Documents\RanSim\TestDirectory\Scenarios\InsideCryptor-TestFiles\MOCK_DATA3.docx
2018-05-24 09:05:34,processed C:\Users\TestAdmin\Documents\RanSim\TestDirectory\Scenarios\InsideCryptor-TestFiles\MOCK_DATA3.docx
2018-05-24 09:05:35,processing C:\Users\TestAdmin\Documents\RanSim\TestDirectory\Scenarios\InsideCryptor-TestFiles\MOCK_DATA3.pdf
2018-05-24 09:05:35,processed C:\Users\TestAdmin\Documents\RanSim\TestDirectory\Scenarios\InsideCryptor-TestFiles\MOCK_DATA3.pdf
2018-05-24 09:05:36,processing C:\Users\TestAdmin\Documents\RanSim\TestDirectory\Scenarios\InsideCryptor-TestFiles\MOCK_DATA3.pptx
2018-05-24 09:05:36,processed C:\Users\TestAdmin\Documents\RanSim\TestDirectory\Scenarios\InsideCryptor-TestFiles\MOCK_DATA3.pptx
2018-05-24 09:05:36,processing C:\Users\TestAdmin\Documents\RanSim\TestDirectory\Scenarios\InsideCryptor-TestFiles\MOCK_DATA3.xlsx
2018-05-24 09:05:36,processed C:\Users\TestAdmin\Documents\RanSim\TestDirectory\Scenarios\InsideCryptor-TestFiles\MOCK_DATA3.xlsx
2018-05-24 09:05:37,processing C:\Users\TestAdmin\Documents\RanSim\TestDirectory\Scenarios\InsideCryptor-TestFiles\test1.docx
2018-05-24 09:05:37,processed C:\Users\TestAdmin\Documents\RanSim\TestDirectory\Scenarios\InsideCryptor-TestFiles\test1.docx
2018-05-24 09:05:37,processing C:\Users\TestAdmin\Documents\RanSim\TestDirectory\Scenarios\InsideCryptor-TestFiles\test2.docx
2018-05-24 09:05:37,processed C:\Users\TestAdmin\Documents\RanSim\TestDirectory\Scenarios\InsideCryptor-TestFiles\test2.docx
2018-05-24 09:05:38,processing C:\Users\TestAdmin\Documents\RanSim\TestDirectory\Scenarios\InsideCryptor-TestFiles\test3.docx
2018-05-24 09:05:38,processed C:\Users\TestAdmin\Documents\RanSim\TestDirectory\Scenarios\InsideCryptor-TestFiles\test3.docx
2018-05-24 09:06:08,finished
2023-11-09 10:33:34,starting in C:\Users\TestAdmin\Documents\RanSim_hackaton\RanSim\TestDirectory\Scenarios\InsideCryptor\
2023-11-09 10:33:35,Processing 29 files
2023-11-09 10:33:40,processing C:\Users\TestAdmin\Documents\RanSim_hackaton\RanSim\TestDirectory\Scenarios\InsideCryptor-TestFiles\c10.png
2023-11-09 10:33:40,processed C:\Users\TestAdmin\Documents\RanSim_hackaton\RanSim\TestDirectory\Scenarios\InsideCryptor-TestFiles\c10.png
2023-11-09 10:33:40,processing C:\Users\TestAdmin\Documents\RanSim_hackaton\RanSim\TestDirectory\Scenarios\InsideCryptor-TestFiles\c11.png
2023-11-09 10:33:40,processed C:\Users\TestAdmin\Documents\RanSim_hackaton\RanSim\TestDirectory\Scenarios\InsideCryptor-TestFiles\c11.png
2023-11-09 10:33:41,processing C:\Users\TestAdmin\Documents\RanSim_hackaton\RanSim\TestDirectory\Scenarios\InsideCryptor-TestFiles\c12.png
2023-11-09 10:33:41,processed C:\Users\TestAdmin\Documents\RanSim_hackaton\RanSim\TestDirectory\Scenarios\InsideCryptor-TestFiles\c12.png
2023-11-09 10:33:41,processing C:\Users\TestAdmin\Documents\RanSim_hackaton\RanSim\TestDirectory\Scenarios\InsideCryptor-TestFiles\img10.jpg
2023-11-09 10:33:41,processed C:\Users\TestAdmin\Documents\RanSim_hackaton\RanSim\TestDirectory\Scenarios\InsideCryptor-TestFiles\img10.jpg
2023-11-09 10:33:42,processing C:\Users\TestAdmin\Documents\RanSim_hackaton\RanSim\TestDirectory\Scenarios\InsideCryptor-TestFiles\img11.jpg
2023-11-09 10:33:42,processed C:\Users\TestAdmin\Documents\RanSim_hackaton\RanSim\TestDirectory\Scenarios\InsideCryptor-TestFiles\img11.jpg
2023-11-09 10:33:43,processing C:\Users\TestAdmin\Documents\RanSim_hackaton\RanSim\TestDirectory\Scenarios\InsideCryptor-TestFiles\img12.jpg
2023-11-09 10:33:43,processed C:\Users\TestAdmin\Documents\RanSim_hackaton\RanSim\TestDirectory\Scenarios\InsideCryptor-TestFiles\img12.jpg
2023-11-09 10:33:43,processing C:\Users\TestAdmin\Documents\RanSim_hackaton\RanSim\TestDirectory\Scenarios\InsideCryptor-TestFiles\img20.jpg
2023-11-09 10:33:44,processed C:\Users\TestAdmin\Documents\RanSim_hackaton\RanSim\TestDirectory\Scenarios\InsideCryptor-TestFiles\img20.jpg
2023-11-09 10:33:44,processing C:\Users\TestAdmin\Documents\RanSim_hackaton\RanSim\TestDirectory\Scenarios\InsideCryptor-TestFiles\img21.jpg
2023-11-09 10:33:44,processed C:\Users\TestAdmin\Documents\RanSim_hackaton\RanSim\TestDirectory\Scenarios\InsideCryptor-TestFiles\img21.jpg
2023-11-09 10:33:45,processing C:\Users\TestAdmin\Documents\RanSim_hackaton\RanSim\TestDirectory\Scenarios\InsideCryptor-TestFiles\img22.jpg
2023-11-09 10:33:45,processed C:\Users\TestAdmin\Documents\RanSim_hackaton\RanSim\TestDirectory\Scenarios\InsideCryptor-TestFiles\img22.jpg
2023-11-09 10:33:46,processing C:\Users\TestAdmin\Documents\RanSim_hackaton\RanSim\TestDirectory\Scenarios\InsideCryptor-TestFiles\img30.jpg
2023-11-09 10:33:46,processed C:\Users\TestAdmin\Documents\RanSim_hackaton\RanSim\TestDirectory\Scenarios\InsideCryptor-TestFiles\img30.jpg
2023-11-09 10:33:46,processing C:\Users\TestAdmin\Documents\RanSim_hackaton\RanSim\TestDirectory\Scenarios\InsideCryptor-TestFiles\img31.jpg
2023-11-09 10:33:46,processed C:\Users\TestAdmin\Documents\RanSim_hackaton\RanSim\TestDirectory\Scenarios\InsideCryptor-TestFiles\img31.jpg
2023-11-09 10:33:47,processing C:\Users\TestAdmin\Documents\RanSim_hackaton\RanSim\TestDirectory\Scenarios\InsideCryptor-TestFiles\img32.jpg
2023-11-09 10:33:47,processed C:\Users\TestAdmin\Documents\RanSim_hackaton\RanSim\TestDirectory\Scenarios\InsideCryptor-TestFiles\img32.jpg
2023-11-09 10:33:48,processing C:\Users\TestAdmin\Documents\RanSim_hackaton\RanSim\TestDirectory\Scenarios\InsideCryptor-TestFiles\MOCK_DATA1.csv
2023-11-09 10:33:48,processed C:\Users\TestAdmin\Documents\RanSim_hackaton\RanSim\TestDirectory\Scenarios\InsideCryptor-TestFiles\MOCK_DATA1.csv
2023-11-09 10:35:46,starting in C:\Users\TestAdmin\Documents\RanSim_hackaton\Scenarios\InsideCryptor\
2023-11-09 10:35:46,Processing 0 files
2023-11-09 10:35:46,No files to process. Terminating scenario
2023-11-09 10:35:50,starting in C:\Users\TestAdmin\Documents\RanSim_hackaton\Scenarios\InsideCryptor\
2023-11-09 10:35:50,Processing 0 files
2023-11-09 10:35:50,No files to process. Terminating scenario
2023-11-09 10:36:59,starting in C:\Users\TestAdmin\Documents\RanSim_hackaton\Scenarios\InsideCryptor\
2023-11-09 10:36:59,Processing 0 files
2023-11-09 10:36:59,No files to process. Terminating scenario
2023-11-09 10:40:45,starting in C:\Users\TestAdmin\Documents\RanSim_hackaton\Scenarios\InsideCryptor\
2023-11-09 10:40:45,Processing 0 files
2023-11-09 10:40:45,No files to process. Terminating scenario
2023-11-09 10:43:01,starting in C:\Users\TestAdmin\Documents\RanSim_hackaton\Scenarios\InsideCryptor\
2023-11-09 10:43:01,Processing 0 files
2023-11-09 10:43:01,No files to process. Terminating scenario
2023-11-09 10:44:34,starting in C:\Users\TestAdmin\Documents\RanSim_hackaton\Ransim\Scenarios\InsideCryptor\
2023-11-09 10:44:34,Processing 29 files
2023-11-09 10:44:39,processing C:\Users\TestAdmin\Documents\RanSim_hackaton\Ransim\Scenarios\InsideCryptor-TestFiles\c10.png
2023-11-09 10:44:39,processed C:\Users\TestAdmin\Documents\RanSim_hackaton\Ransim\Scenarios\InsideCryptor-TestFiles\c10.png
2023-11-09 10:44:40,processing C:\Users\TestAdmin\Documents\RanSim_hackaton\Ransim\Scenarios\InsideCryptor-TestFiles\c11.png
2023-11-09 10:44:40,processed C:\Users\TestAdmin\Documents\RanSim_hackaton\Ransim\Scenarios\InsideCryptor-TestFiles\c11.png
2023-11-09 10:44:40,processing C:\Users\TestAdmin\Documents\RanSim_hackaton\Ransim\Scenarios\InsideCryptor-TestFiles\c12.png
2023-11-09 10:44:40,processed C:\Users\TestAdmin\Documents\RanSim_hackaton\Ransim\Scenarios\InsideCryptor-TestFiles\c12.png
2023-11-09 10:44:41,processing C:\Users\TestAdmin\Documents\RanSim_hackaton\Ransim\Scenarios\InsideCryptor-TestFiles\img10.jpg
2023-11-09 10:44:41,processed C:\Users\TestAdmin\Documents\RanSim_hackaton\Ransim\Scenarios\InsideCryptor-TestFiles\img10.jpg
2023-11-09 10:44:41,processing C:\Users\TestAdmin\Documents\RanSim_hackaton\Ransim\Scenarios\InsideCryptor-TestFiles\img11.jpg
2023-11-09 10:44:41,processed C:\Users\TestAdmin\Documents\RanSim_hackaton\Ransim\Scenarios\InsideCryptor-TestFiles\img11.jpg
2023-11-09 10:44:42,processing C:\Users\TestAdmin\Documents\RanSim_hackaton\Ransim\Scenarios\InsideCryptor-TestFiles\img12.jpg
2023-11-09 10:44:42,processed C:\Users\TestAdmin\Documents\RanSim_hackaton\Ransim\Scenarios\InsideCryptor-TestFiles\img12.jpg
2023-11-09 10:44:43,processing C:\Users\TestAdmin\Documents\RanSim_hackaton\Ransim\Scenarios\InsideCryptor-TestFiles\img20.jpg
2023-11-09 10:44:43,processed C:\Users\TestAdmin\Documents\RanSim_hackaton\Ransim\Scenarios\InsideCryptor-TestFiles\img20.jpg
2023-11-09 10:44:43,processing C:\Users\TestAdmin\Documents\RanSim_hackaton\Ransim\Scenarios\InsideCryptor-TestFiles\img21.jpg
2023-11-09 10:44:43,processed C:\Users\TestAdmin\Documents\RanSim_hackaton\Ransim\Scenarios\InsideCryptor-TestFiles\img21.jpg
2023-11-09 10:44:44,processing C:\Users\TestAdmin\Documents\RanSim_hackaton\Ransim\Scenarios\InsideCryptor-TestFiles\img22.jpg
2023-11-09 10:44:44,processed C:\Users\TestAdmin\Documents\RanSim_hackaton\Ransim\Scenarios\InsideCryptor-TestFiles\img22.jpg
2023-11-09 10:44:44,processing C:\Users\TestAdmin\Documents\RanSim_hackaton\Ransim\Scenarios\InsideCryptor-TestFiles\img30.jpg
2023-11-09 10:44:44,processed C:\Users\TestAdmin\Documents\RanSim_hackaton\Ransim\Scenarios\InsideCryptor-TestFiles\img30.jpg
2023-11-09 10:44:45,processing C:\Users\TestAdmin\Documents\RanSim_hackaton\Ransim\Scenarios\InsideCryptor-TestFiles\img31.jpg
2023-11-09 10:44:45,processed C:\Users\TestAdmin\Documents\RanSim_hackaton\Ransim\Scenarios\InsideCryptor-TestFiles\img31.jpg
2023-11-09 10:44:45,processing C:\Users\TestAdmin\Documents\RanSim_hackaton\Ransim\Scenarios\InsideCryptor-TestFiles\img32.jpg
2023-11-09 10:44:45,processed C:\Users\TestAdmin\Documents\RanSim_hackaton\Ransim\Scenarios\InsideCryptor-TestFiles\img32.jpg
2023-11-09 10:44:46,processing C:\Users\TestAdmin\Documents\RanSim_hackaton\Ransim\Scenarios\InsideCryptor-TestFiles\MOCK_DATA1.csv
2023-11-09 10:44:46,processed C:\Users\TestAdmin\Documents\RanSim_hackaton\Ransim\Scenarios\InsideCryptor-TestFiles\MOCK_DATA1.csv
2023-11-09 10:46:00,starting in C:\Users\TestAdmin\Documents\Ransim\Scenarios\InsideCryptor\
2023-11-09 10:46:00,Processing 29 files
2023-11-09 10:46:05,processing C:\Users\TestAdmin\Documents\Ransim\Scenarios\InsideCryptor-TestFiles\c10.png
2023-11-09 10:46:05,processed C:\Users\TestAdmin\Documents\Ransim\Scenarios\InsideCryptor-TestFiles\c10.png
2023-11-09 10:46:06,processing C:\Users\TestAdmin\Documents\Ransim\Scenarios\InsideCryptor-TestFiles\c11.png
2023-11-09 10:46:06,processed C:\Users\TestAdmin\Documents\Ransim\Scenarios\InsideCryptor-TestFiles\c11.png
2023-11-09 10:46:06,processing C:\Users\TestAdmin\Documents\Ransim\Scenarios\InsideCryptor-TestFiles\c12.png
2023-11-09 10:46:06,processed C:\Users\TestAdmin\Documents\Ransim\Scenarios\InsideCryptor-TestFiles\c12.png
2023-11-09 10:46:07,processing C:\Users\TestAdmin\Documents\Ransim\Scenarios\InsideCryptor-TestFiles\img10.jpg
2023-11-09 10:46:07,processed C:\Users\TestAdmin\Documents\Ransim\Scenarios\InsideCryptor-TestFiles\img10.jpg
2023-11-09 10:46:07,processing C:\Users\TestAdmin\Documents\Ransim\Scenarios\InsideCryptor-TestFiles\img11.jpg
2023-11-09 10:46:07,processed C:\Users\TestAdmin\Documents\Ransim\Scenarios\InsideCryptor-TestFiles\img11.jpg
2023-11-09 10:46:08,processing C:\Users\TestAdmin\Documents\Ransim\Scenarios\InsideCryptor-TestFiles\img12.jpg
2023-11-09 10:46:08,processed C:\Users\TestAdmin\Documents\Ransim\Scenarios\InsideCryptor-TestFiles\img12.jpg
2023-11-09 10:46:08,processing C:\Users\TestAdmin\Documents\Ransim\Scenarios\InsideCryptor-TestFiles\img20.jpg
2023-11-09 10:46:08,processed C:\Users\TestAdmin\Documents\Ransim\Scenarios\InsideCryptor-TestFiles\img20.jpg
2023-11-09 10:46:09,processing C:\Users\TestAdmin\Documents\Ransim\Scenarios\InsideCryptor-TestFiles\img21.jpg
2023-11-09 10:46:09,processed C:\Users\TestAdmin\Documents\Ransim\Scenarios\InsideCryptor-TestFiles\img21.jpg
2023-11-09 10:46:10,processing C:\Users\TestAdmin\Documents\Ransim\Scenarios\InsideCryptor-TestFiles\img22.jpg
2023-11-09 10:46:10,processed C:\Users\TestAdmin\Documents\Ransim\Scenarios\InsideCryptor-TestFiles\img22.jpg
2023-11-09 10:46:10,processing C:\Users\TestAdmin\Documents\Ransim\Scenarios\InsideCryptor-TestFiles\img30.jpg
2023-11-09 10:46:10,processed C:\Users\TestAdmin\Documents\Ransim\Scenarios\InsideCryptor-TestFiles\img30.jpg
2023-11-09 10:46:11,processing C:\Users\TestAdmin\Documents\Ransim\Scenarios\InsideCryptor-TestFiles\img31.jpg
2023-11-09 10:46:11,processed C:\Users\TestAdmin\Documents\Ransim\Scenarios\InsideCryptor-TestFiles\img31.jpg
2023-11-09 10:46:11,processing C:\Users\TestAdmin\Documents\Ransim\Scenarios\InsideCryptor-TestFiles\img32.jpg
2023-11-09 10:46:11,processed C:\Users\TestAdmin\Documents\Ransim\Scenarios\InsideCryptor-TestFiles\img32.jpg
2023-11-09 10:46:12,processing C:\Users\TestAdmin\Documents\Ransim\Scenarios\InsideCryptor-TestFiles\MOCK_DATA1.csv
2023-11-09 10:46:12,processed C:\Users\TestAdmin\Documents\Ransim\Scenarios\InsideCryptor-TestFiles\MOCK_DATA1.csv
2023-11-09 10:46:12,processing C:\Users\TestAdmin\Documents\Ransim\Scenarios\InsideCryptor-TestFiles\MOCK_DATA1.docx
2023-11-09 10:46:12,processed C:\Users\TestAdmin\Documents\Ransim\Scenarios\InsideCryptor-TestFiles\MOCK_DATA1.docx
2023-11-09 10:46:13,processing C:\Users\TestAdmin\Documents\Ransim\Scenarios\InsideCryptor-TestFiles\MOCK_DATA1.pdf
2023-11-09 10:46:13,processed C:\Users\TestAdmin\Documents\Ransim\Scenarios\InsideCryptor-TestFiles\MOCK_DATA1.pdf
2023-11-09 10:46:14,processing C:\Users\TestAdmin\Documents\Ransim\Scenarios\InsideCryptor-TestFiles\MOCK_DATA1.pptx
2023-11-09 10:46:14,processed C:\Users\TestAdmin\Documents\Ransim\Scenarios\InsideCryptor-TestFiles\MOCK_DATA1.pptx
2023-11-09 10:46:14,processing C:\Users\TestAdmin\Documents\Ransim\Scenarios\InsideCryptor-TestFiles\MOCK_DATA1.xlsx
2023-11-09 10:46:14,processed C:\Users\TestAdmin\Documents\Ransim\Scenarios\InsideCryptor-TestFiles\MOCK_DATA1.xlsx
2023-11-09 10:46:15,processing C:\Users\TestAdmin\Documents\Ransim\Scenarios\InsideCryptor-TestFiles\MOCK_DATA2.csv
2023-11-09 10:46:15,processed C:\Users\TestAdmin\Documents\Ransim\Scenarios\InsideCryptor-TestFiles\MOCK_DATA2.csv
2023-11-09 10:46:15,processing C:\Users\TestAdmin\Documents\Ransim\Scenarios\InsideCryptor-TestFiles\MOCK_DATA2.docx
2023-11-09 10:46:16,processed C:\Users\TestAdmin\Documents\Ransim\Scenarios\InsideCryptor-TestFiles\MOCK_DATA2.docx
2023-11-09 10:46:16,processing C:\Users\TestAdmin\Documents\Ransim\Scenarios\InsideCryptor-TestFiles\MOCK_DATA2.pdf
2023-11-09 10:46:16,processed C:\Users\TestAdmin\Documents\Ransim\Scenarios\InsideCryptor-TestFiles\MOCK_DATA2.pdf
2023-11-09 10:46:17,processing C:\Users\TestAdmin\Documents\Ransim\Scenarios\InsideCryptor-TestFiles\MOCK_DATA2.pptx
2023-11-09 10:46:17,processed C:\Users\TestAdmin\Documents\Ransim\Scenarios\InsideCryptor-TestFiles\MOCK_DATA2.pptx
2023-11-09 10:46:18,processing C:\Users\TestAdmin\Documents\Ransim\Scenarios\InsideCryptor-TestFiles\MOCK_DATA3.csv
2023-11-09 10:46:18,processed C:\Users\TestAdmin\Documents\Ransim\Scenarios\InsideCryptor-TestFiles\MOCK_DATA3.csv
2023-11-09 10:46:18,processing C:\Users\TestAdmin\Documents\Ransim\Scenarios\InsideCryptor-TestFiles\MOCK_DATA3.docx
2023-11-09 10:46:18,processed C:\Users\TestAdmin\Documents\Ransim\Scenarios\InsideCryptor-TestFiles\MOCK_DATA3.docx
2023-11-09 10:46:19,processing C:\Users\TestAdmin\Documents\Ransim\Scenarios\InsideCryptor-TestFiles\MOCK_DATA3.pdf
2023-11-09 10:46:19,processed C:\Users\TestAdmin\Documents\Ransim\Scenarios\InsideCryptor-TestFiles\MOCK_DATA3.pdf
2023-11-09 10:50:15,starting in C:\Users\TestAdmin\Documents\Ransim\Scenarios\InsideCryptor\
2023-11-09 10:50:15,Processing 29 files
2023-11-09 10:50:20,processing C:\Users\TestAdmin\Documents\Ransim\Scenarios\InsideCryptor-TestFiles\c10.png
2023-11-09 10:50:20,processed C:\Users\TestAdmin\Documents\Ransim\Scenarios\InsideCryptor-TestFiles\c10.png
2023-11-09 10:50:21,processing C:\Users\TestAdmin\Documents\Ransim\Scenarios\InsideCryptor-TestFiles\c11.png
2023-11-09 10:50:21,processed C:\Users\TestAdmin\Documents\Ransim\Scenarios\InsideCryptor-TestFiles\c11.png
2023-11-09 10:50:21,processing C:\Users\TestAdmin\Documents\Ransim\Scenarios\InsideCryptor-TestFiles\c12.png
2023-11-09 10:50:21,processed C:\Users\TestAdmin\Documents\Ransim\Scenarios\InsideCryptor-TestFiles\c12.png
2023-11-09 10:50:22,processing C:\Users\TestAdmin\Documents\Ransim\Scenarios\InsideCryptor-TestFiles\img10.jpg
2023-11-09 10:50:22,processed C:\Users\TestAdmin\Documents\Ransim\Scenarios\InsideCryptor-TestFiles\img10.jpg
2023-11-09 10:50:22,processing C:\Users\TestAdmin\Documents\Ransim\Scenarios\InsideCryptor-TestFiles\img11.jpg
2023-11-09 10:50:22,processed C:\Users\TestAdmin\Documents\Ransim\Scenarios\InsideCryptor-TestFiles\img11.jpg
2023-11-09 10:50:23,processing C:\Users\TestAdmin\Documents\Ransim\Scenarios\InsideCryptor-TestFiles\img12.jpg
2023-11-09 10:50:23,processed C:\Users\TestAdmin\Documents\Ransim\Scenarios\InsideCryptor-TestFiles\img12.jpg
2023-11-09 10:50:23,processing C:\Users\TestAdmin\Documents\Ransim\Scenarios\InsideCryptor-TestFiles\img20.jpg
2023-11-09 10:50:23,processed C:\Users\TestAdmin\Documents\Ransim\Scenarios\InsideCryptor-TestFiles\img20.jpg
2023-11-09 10:50:24,processing C:\Users\TestAdmin\Documents\Ransim\Scenarios\InsideCryptor-TestFiles\img21.jpg
2023-11-09 10:50:24,processed C:\Users\TestAdmin\Documents\Ransim\Scenarios\InsideCryptor-TestFiles\img21.jpg
2023-11-09 10:50:24,processing C:\Users\TestAdmin\Documents\Ransim\Scenarios\InsideCryptor-TestFiles\img22.jpg
2023-11-09 10:50:24,processed C:\Users\TestAdmin\Documents\Ransim\Scenarios\InsideCryptor-TestFiles\img22.jpg
2023-11-09 10:50:25,processing C:\Users\TestAdmin\Documents\Ransim\Scenarios\InsideCryptor-TestFiles\img30.jpg
2023-11-09 10:50:25,processed C:\Users\TestAdmin\Documents\Ransim\Scenarios\InsideCryptor-TestFiles\img30.jpg
2023-11-09 10:50:25,processing C:\Users\TestAdmin\Documents\Ransim\Scenarios\InsideCryptor-TestFiles\img31.jpg
2023-11-09 10:50:25,processed C:\Users\TestAdmin\Documents\Ransim\Scenarios\InsideCryptor-TestFiles\img31.jpg
2023-11-09 10:50:26,processing C:\Users\TestAdmin\Documents\Ransim\Scenarios\InsideCryptor-TestFiles\img32.jpg
2023-11-09 10:50:26,processed C:\Users\TestAdmin\Documents\Ransim\Scenarios\InsideCryptor-TestFiles\img32.jpg
2023-11-09 10:50:26,processing C:\Users\TestAdmin\Documents\Ransim\Scenarios\InsideCryptor-TestFiles\MOCK_DATA1.csv
2023-11-09 10:50:26,processed C:\Users\TestAdmin\Documents\Ransim\Scenarios\InsideCryptor-TestFiles\MOCK_DATA1.csv
2023-11-09 10:50:27,processing C:\Users\TestAdmin\Documents\Ransim\Scenarios\InsideCryptor-TestFiles\MOCK_DATA1.docx
2023-11-09 10:50:27,processed C:\Users\TestAdmin\Documents\Ransim\Scenarios\InsideCryptor-TestFiles\MOCK_DATA1.docx
2023-11-09 10:50:27,processing C:\Users\TestAdmin\Documents\Ransim\Scenarios\InsideCryptor-TestFiles\MOCK_DATA1.pdf
2023-11-09 10:50:27,processed C:\Users\TestAdmin\Documents\Ransim\Scenarios\InsideCryptor-TestFiles\MOCK_DATA1.pdf
2023-11-09 10:50:28,processing C:\Users\TestAdmin\Documents\Ransim\Scenarios\InsideCryptor-TestFiles\MOCK_DATA1.pptx
2023-11-09 10:50:28,processed C:\Users\TestAdmin\Documents\Ransim\Scenarios\InsideCryptor-TestFiles\MOCK_DATA1.pptx
2023-11-09 10:50:28,processing C:\Users\TestAdmin\Documents\Ransim\Scenarios\InsideCryptor-TestFiles\MOCK_DATA1.xlsx
2023-11-09 10:50:28,processed C:\Users\TestAdmin\Documents\Ransim\Scenarios\InsideCryptor-TestFiles\MOCK_DATA1.xlsx
2023-11-09 10:50:29,processing C:\Users\TestAdmin\Documents\Ransim\Scenarios\InsideCryptor-TestFiles\MOCK_DATA2.csv
2023-11-09 10:50:29,processed C:\Users\TestAdmin\Documents\Ransim\Scenarios\InsideCryptor-TestFiles\MOCK_DATA2.csv
2023-11-09 10:50:29,processing C:\Users\TestAdmin\Documents\Ransim\Scenarios\InsideCryptor-TestFiles\MOCK_DATA2.docx
2023-11-09 10:50:29,processed C:\Users\TestAdmin\Documents\Ransim\Scenarios\InsideCryptor-TestFiles\MOCK_DATA2.docx
2023-11-09 10:50:30,processing C:\Users\TestAdmin\Documents\Ransim\Scenarios\InsideCryptor-TestFiles\MOCK_DATA2.pdf
2023-11-09 10:50:30,processed C:\Users\TestAdmin\Documents\Ransim\Scenarios\InsideCryptor-TestFiles\MOCK_DATA2.pdf
2023-11-09 10:50:31,processing C:\Users\TestAdmin\Documents\Ransim\Scenarios\InsideCryptor-TestFiles\MOCK_DATA2.pptx
2023-11-09 10:50:31,processed C:\Users\TestAdmin\Documents\Ransim\Scenarios\InsideCryptor-TestFiles\MOCK_DATA2.pptx
2023-11-09 10:50:31,processing C:\Users\TestAdmin\Documents\Ransim\Scenarios\InsideCryptor-TestFiles\MOCK_DATA3.csv
2023-11-09 10:50:31,processed C:\Users\TestAdmin\Documents\Ransim\Scenarios\InsideCryptor-TestFiles\MOCK_DATA3.csv
2023-11-09 10:50:32,processing C:\Users\TestAdmin\Documents\Ransim\Scenarios\InsideCryptor-TestFiles\MOCK_DATA3.docx
2023-11-09 10:50:32,processed C:\Users\TestAdmin\Documents\Ransim\Scenarios\InsideCryptor-TestFiles\MOCK_DATA3.docx
2023-11-09 10:50:32,processing C:\Users\TestAdmin\Documents\Ransim\Scenarios\InsideCryptor-TestFiles\MOCK_DATA3.pdf
2023-11-09 10:50:32,processed C:\Users\TestAdmin\Documents\Ransim\Scenarios\InsideCryptor-TestFiles\MOCK_DATA3.pdf
2023-11-09 10:50:33,processing C:\Users\TestAdmin\Documents\Ransim\Scenarios\InsideCryptor-TestFiles\MOCK_DATA3.pptx
2023-11-09 10:50:33,processed C:\Users\TestAdmin\Documents\Ransim\Scenarios\InsideCryptor-TestFiles\MOCK_DATA3.pptx
2023-11-09 10:50:33,processing C:\Users\TestAdmin\Documents\Ransim\Scenarios\InsideCryptor-TestFiles\MOCK_DATA3.xlsx
2023-11-09 10:50:33,processed C:\Users\TestAdmin\Documents\Ransim\Scenarios\InsideCryptor-TestFiles\MOCK_DATA3.xlsx
2023-11-09 10:50:34,processing C:\Users\TestAdmin\Documents\Ransim\Scenarios\InsideCryptor-TestFiles\test1.docx
2023-11-09 10:50:34,processed C:\Users\TestAdmin\Documents\Ransim\Scenarios\InsideCryptor-TestFiles\test1.docx
2023-11-09 10:50:34,processing C:\Users\TestAdmin\Documents\Ransim\Scenarios\InsideCryptor-TestFiles\test2.docx
2023-11-09 10:50:34,processed C:\Users\TestAdmin\Documents\Ransim\Scenarios\InsideCryptor-TestFiles\test2.docx
2023-11-09 10:50:35,processing C:\Users\TestAdmin\Documents\Ransim\Scenarios\InsideCryptor-TestFiles\test3.docx
2023-11-09 10:50:35,processed C:\Users\TestAdmin\Documents\Ransim\Scenarios\InsideCryptor-TestFiles\test3.docx
2023-11-09 10:51:12,starting in C:\Users\TestAdmin\Documents\Ransim\Scenarios\InsideCryptor\
2023-11-09 10:51:12,Processing 29 files
2023-11-09 10:51:17,processing C:\Users\TestAdmin\Documents\Ransim\Scenarios\InsideCryptor-TestFiles\c10.png
2023-11-09 10:51:17,processed C:\Users\TestAdmin\Documents\Ransim\Scenarios\InsideCryptor-TestFiles\c10.png
2023-11-09 10:51:17,processing C:\Users\TestAdmin\Documents\Ransim\Scenarios\InsideCryptor-TestFiles\c11.png
2023-11-09 10:51:17,processed C:\Users\TestAdmin\Documents\Ransim\Scenarios\InsideCryptor-TestFiles\c11.png
2023-11-09 10:51:18,processing C:\Users\TestAdmin\Documents\Ransim\Scenarios\InsideCryptor-TestFiles\c12.png
2023-11-09 10:51:18,processed C:\Users\TestAdmin\Documents\Ransim\Scenarios\InsideCryptor-TestFiles\c12.png
2023-11-09 10:51:19,processing C:\Users\TestAdmin\Documents\Ransim\Scenarios\InsideCryptor-TestFiles\img10.jpg
2023-11-09 10:51:19,processed C:\Users\TestAdmin\Documents\Ransim\Scenarios\InsideCryptor-TestFiles\img10.jpg
2023-11-09 10:51:19,processing C:\Users\TestAdmin\Documents\Ransim\Scenarios\InsideCryptor-TestFiles\img11.jpg
2023-11-09 10:51:19,processed C:\Users\TestAdmin\Documents\Ransim\Scenarios\InsideCryptor-TestFiles\img11.jpg
2023-11-09 10:51:20,processing C:\Users\TestAdmin\Documents\Ransim\Scenarios\InsideCryptor-TestFiles\img12.jpg
2023-11-09 10:51:20,processed C:\Users\TestAdmin\Documents\Ransim\Scenarios\InsideCryptor-TestFiles\img12.jpg
2023-11-09 10:51:20,processing C:\Users\TestAdmin\Documents\Ransim\Scenarios\InsideCryptor-TestFiles\img20.jpg
2023-11-09 10:51:20,processed C:\Users\TestAdmin\Documents\Ransim\Scenarios\InsideCryptor-TestFiles\img20.jpg
2023-11-09 10:51:21,processing C:\Users\TestAdmin\Documents\Ransim\Scenarios\InsideCryptor-TestFiles\img21.jpg
2023-11-09 10:51:21,processed C:\Users\TestAdmin\Documents\Ransim\Scenarios\InsideCryptor-TestFiles\img21.jpg
2023-11-09 10:51:21,processing C:\Users\TestAdmin\Documents\Ransim\Scenarios\InsideCryptor-TestFiles\img22.jpg
2023-11-09 10:51:21,processed C:\Users\TestAdmin\Documents\Ransim\Scenarios\InsideCryptor-TestFiles\img22.jpg
2023-11-09 10:51:22,processing C:\Users\TestAdmin\Documents\Ransim\Scenarios\InsideCryptor-TestFiles\img30.jpg
2023-11-09 10:51:22,processed C:\Users\TestAdmin\Documents\Ransim\Scenarios\InsideCryptor-TestFiles\img30.jpg
2023-11-09 10:51:22,processing C:\Users\TestAdmin\Documents\Ransim\Scenarios\InsideCryptor-TestFiles\img31.jpg
2023-11-09 10:51:22,processed C:\Users\TestAdmin\Documents\Ransim\Scenarios\InsideCryptor-TestFiles\img31.jpg
2023-11-09 10:51:23,processing C:\Users\TestAdmin\Documents\Ransim\Scenarios\InsideCryptor-TestFiles\img32.jpg
2023-11-09 10:51:23,processed C:\Users\TestAdmin\Documents\Ransim\Scenarios\InsideCryptor-TestFiles\img32.jpg
2023-11-09 10:51:23,processing C:\Users\TestAdmin\Documents\Ransim\Scenarios\InsideCryptor-TestFiles\MOCK_DATA1.csv
2023-11-09 10:51:23,processed C:\Users\TestAdmin\Documents\Ransim\Scenarios\InsideCryptor-TestFiles\MOCK_DATA1.csv
2023-11-09 10:51:24,processing C:\Users\TestAdmin\Documents\Ransim\Scenarios\InsideCryptor-TestFiles\MOCK_DATA1.docx
2023-11-09 10:51:24,processed C:\Users\TestAdmin\Documents\Ransim\Scenarios\InsideCryptor-TestFiles\MOCK_DATA1.docx
2023-11-09 10:51:24,processing C:\Users\TestAdmin\Documents\Ransim\Scenarios\InsideCryptor-TestFiles\MOCK_DATA1.pdf
2023-11-09 10:51:24,processed C:\Users\TestAdmin\Documents\Ransim\Scenarios\InsideCryptor-TestFiles\MOCK_DATA1.pdf
2023-11-09 10:51:25,processing C:\Users\TestAdmin\Documents\Ransim\Scenarios\InsideCryptor-TestFiles\MOCK_DATA1.pptx
2023-11-09 10:51:25,processed C:\Users\TestAdmin\Documents\Ransim\Scenarios\InsideCryptor-TestFiles\MOCK_DATA1.pptx
2023-11-09 10:51:25,processing C:\Users\TestAdmin\Documents\Ransim\Scenarios\InsideCryptor-TestFiles\MOCK_DATA1.xlsx
2023-11-09 10:51:25,processed C:\Users\TestAdmin\Documents\Ransim\Scenarios\InsideCryptor-TestFiles\MOCK_DATA1.xlsx
2023-11-09 10:51:26,processing C:\Users\TestAdmin\Documents\Ransim\Scenarios\InsideCryptor-TestFiles\MOCK_DATA2.csv
2023-11-09 10:51:26,processed C:\Users\TestAdmin\Documents\Ransim\Scenarios\InsideCryptor-TestFiles\MOCK_DATA2.csv
2023-11-09 10:51:26,processing C:\Users\TestAdmin\Documents\Ransim\Scenarios\InsideCryptor-TestFiles\MOCK_DATA2.docx
2023-11-09 10:51:26,processed C:\Users\TestAdmin\Documents\Ransim\Scenarios\InsideCryptor-TestFiles\MOCK_DATA2.docx
2023-11-09 10:51:27,processing C:\Users\TestAdmin\Documents\Ransim\Scenarios\InsideCryptor-TestFiles\MOCK_DATA2.pdf
2023-11-09 10:51:27,processed C:\Users\TestAdmin\Documents\Ransim\Scenarios\InsideCryptor-TestFiles\MOCK_DATA2.pdf
2023-11-09 10:51:27,processing C:\Users\TestAdmin\Documents\Ransim\Scenarios\InsideCryptor-TestFiles\MOCK_DATA2.pptx
2023-11-09 10:51:27,processed C:\Users\TestAdmin\Documents\Ransim\Scenarios\InsideCryptor-TestFiles\MOCK_DATA2.pptx
2023-11-09 10:51:28,processing C:\Users\TestAdmin\Documents\Ransim\Scenarios\InsideCryptor-TestFiles\MOCK_DATA3.csv
2023-11-09 10:51:28,processed C:\Users\TestAdmin\Documents\Ransim\Scenarios\InsideCryptor-TestFiles\MOCK_DATA3.csv
2023-11-09 10:51:28,processing C:\Users\TestAdmin\Documents\Ransim\Scenarios\InsideCryptor-TestFiles\MOCK_DATA3.docx
2023-11-09 10:51:28,processed C:\Users\TestAdmin\Documents\Ransim\Scenarios\InsideCryptor-TestFiles\MOCK_DATA3.docx
2023-11-09 10:51:29,processing C:\Users\TestAdmin\Documents\Ransim\Scenarios\InsideCryptor-TestFiles\MOCK_DATA3.pdf
2023-11-09 10:51:29,processed C:\Users\TestAdmin\Documents\Ransim\Scenarios\InsideCryptor-TestFiles\MOCK_DATA3.pdf
2023-11-09 10:51:29,processing C:\Users\TestAdmin\Documents\Ransim\Scenarios\InsideCryptor-TestFiles\MOCK_DATA3.pptx
2023-11-09 10:51:29,processed C:\Users\TestAdmin\Documents\Ransim\Scenarios\InsideCryptor-TestFiles\MOCK_DATA3.pptx
2023-11-09 10:51:30,processing C:\Users\TestAdmin\Documents\Ransim\Scenarios\InsideCryptor-TestFiles\MOCK_DATA3.xlsx
2023-11-09 10:51:30,processed C:\Users\TestAdmin\Documents\Ransim\Scenarios\InsideCryptor-TestFiles\MOCK_DATA3.xlsx
2023-11-09 10:51:31,processing C:\Users\TestAdmin\Documents\Ransim\Scenarios\InsideCryptor-TestFiles\test1.docx
2023-11-09 10:51:31,processed C:\Users\TestAdmin\Documents\Ransim\Scenarios\InsideCryptor-TestFiles\test1.docx
2023-11-09 10:51:31,processing C:\Users\TestAdmin\Documents\Ransim\Scenarios\InsideCryptor-TestFiles\test2.docx
2023-11-09 10:51:31,processed C:\Users\TestAdmin\Documents\Ransim\Scenarios\InsideCryptor-TestFiles\test2.docx
2023-11-09 10:51:32,processing C:\Users\TestAdmin\Documents\Ransim\Scenarios\InsideCryptor-TestFiles\test3.docx
2023-11-09 10:51:32,processed C:\Users\TestAdmin\Documents\Ransim\Scenarios\InsideCryptor-TestFiles\test3.docx
2023-11-09 11:03:13,starting in C:\Users\testadmin\Documents\Ransim\Scenarios\InsideCryptor\
2023-11-09 11:03:14,Processing 29 files
2023-11-09 11:03:19,processing C:\Users\testadmin\Documents\Ransim\Scenarios\InsideCryptor-TestFiles\c10.png
2023-11-09 11:03:19,processed C:\Users\testadmin\Documents\Ransim\Scenarios\InsideCryptor-TestFiles\c10.png
2023-11-09 11:03:19,processing C:\Users\testadmin\Documents\Ransim\Scenarios\InsideCryptor-TestFiles\c11.png
2023-11-09 11:03:19,processed C:\Users\testadmin\Documents\Ransim\Scenarios\InsideCryptor-TestFiles\c11.png
2023-11-09 11:03:20,processing C:\Users\testadmin\Documents\Ransim\Scenarios\InsideCryptor-TestFiles\c12.png
2023-11-09 11:03:20,processed C:\Users\testadmin\Documents\Ransim\Scenarios\InsideCryptor-TestFiles\c12.png
2023-11-09 11:03:21,processing C:\Users\testadmin\Documents\Ransim\Scenarios\InsideCryptor-TestFiles\img10.jpg
2023-11-09 11:03:21,processed C:\Users\testadmin\Documents\Ransim\Scenarios\InsideCryptor-TestFiles\img10.jpg
2023-11-09 11:03:21,processing C:\Users\testadmin\Documents\Ransim\Scenarios\InsideCryptor-TestFiles\img11.jpg
2023-11-09 11:03:21,processed C:\Users\testadmin\Documents\Ransim\Scenarios\InsideCryptor-TestFiles\img11.jpg
2023-11-09 11:03:22,processing C:\Users\testadmin\Documents\Ransim\Scenarios\InsideCryptor-TestFiles\img12.jpg
2023-11-09 11:03:22,processed C:\Users\testadmin\Documents\Ransim\Scenarios\InsideCryptor-TestFiles\img12.jpg
2023-11-09 11:03:22,processing C:\Users\testadmin\Documents\Ransim\Scenarios\InsideCryptor-TestFiles\img20.jpg
2023-11-09 11:03:22,processed C:\Users\testadmin\Documents\Ransim\Scenarios\InsideCryptor-TestFiles\img20.jpg
2023-11-09 11:03:23,processing C:\Users\testadmin\Documents\Ransim\Scenarios\InsideCryptor-TestFiles\img21.jpg
2023-11-09 11:03:23,processed C:\Users\testadmin\Documents\Ransim\Scenarios\InsideCryptor-TestFiles\img21.jpg
2023-11-09 11:03:24,processing C:\Users\testadmin\Documents\Ransim\Scenarios\InsideCryptor-TestFiles\img22.jpg
2023-11-09 11:03:24,processed C:\Users\testadmin\Documents\Ransim\Scenarios\InsideCryptor-TestFiles\img22.jpg
2023-11-09 11:03:24,processing C:\Users\testadmin\Documents\Ransim\Scenarios\InsideCryptor-TestFiles\img30.jpg
2023-11-09 11:03:24,processed C:\Users\testadmin\Documents\Ransim\Scenarios\InsideCryptor-TestFiles\img30.jpg
2023-11-09 11:03:25,processing C:\Users\testadmin\Documents\Ransim\Scenarios\InsideCryptor-TestFiles\img31.jpg
2023-11-09 11:03:25,processed C:\Users\testadmin\Documents\Ransim\Scenarios\InsideCryptor-TestFiles\img31.jpg
2023-11-09 11:03:25,processing C:\Users\testadmin\Documents\Ransim\Scenarios\InsideCryptor-TestFiles\img32.jpg
2023-11-09 11:03:25,processed C:\Users\testadmin\Documents\Ransim\Scenarios\InsideCryptor-TestFiles\img32.jpg
2023-11-09 11:03:26,processing C:\Users\testadmin\Documents\Ransim\Scenarios\InsideCryptor-TestFiles\MOCK_DATA1.csv
2023-11-09 11:03:26,processed C:\Users\testadmin\Documents\Ransim\Scenarios\InsideCryptor-TestFiles\MOCK_DATA1.csv
2023-11-09 11:03:26,processing C:\Users\testadmin\Documents\Ransim\Scenarios\InsideCryptor-TestFiles\MOCK_DATA1.docx
2023-11-09 11:03:26,processed C:\Users\testadmin\Documents\Ransim\Scenarios\InsideCryptor-TestFiles\MOCK_DATA1.docx
2023-11-09 11:03:27,processing C:\Users\testadmin\Documents\Ransim\Scenarios\InsideCryptor-TestFiles\MOCK_DATA1.pdf
2023-11-09 11:03:27,processed C:\Users\testadmin\Documents\Ransim\Scenarios\InsideCryptor-TestFiles\MOCK_DATA1.pdf
2023-11-09 11:03:28,processing C:\Users\testadmin\Documents\Ransim\Scenarios\InsideCryptor-TestFiles\MOCK_DATA1.pptx
2023-11-09 11:03:28,processed C:\Users\testadmin\Documents\Ransim\Scenarios\InsideCryptor-TestFiles\MOCK_DATA1.pptx
2023-11-09 11:03:28,processing C:\Users\testadmin\Documents\Ransim\Scenarios\InsideCryptor-TestFiles\MOCK_DATA1.xlsx
2023-11-09 11:03:28,processed C:\Users\testadmin\Documents\Ransim\Scenarios\InsideCryptor-TestFiles\MOCK_DATA1.xlsx
2023-11-09 11:03:29,processing C:\Users\testadmin\Documents\Ransim\Scenarios\InsideCryptor-TestFiles\MOCK_DATA2.csv
2023-11-09 11:03:29,processed C:\Users\testadmin\Documents\Ransim\Scenarios\InsideCryptor-TestFiles\MOCK_DATA2.csv
2023-11-09 11:03:29,processing C:\Users\testadmin\Documents\Ransim\Scenarios\InsideCryptor-TestFiles\MOCK_DATA2.docx
2023-11-09 11:03:30,processed C:\Users\testadmin\Documents\Ransim\Scenarios\InsideCryptor-TestFiles\MOCK_DATA2.docx
2023-11-09 11:03:30,processing C:\Users\testadmin\Documents\Ransim\Scenarios\InsideCryptor-TestFiles\MOCK_DATA2.pdf
2023-11-09 11:03:30,processed C:\Users\testadmin\Documents\Ransim\Scenarios\InsideCryptor-TestFiles\MOCK_DATA2.pdf
2023-11-09 11:03:31,processing C:\Users\testadmin\Documents\Ransim\Scenarios\InsideCryptor-TestFiles\MOCK_DATA2.pptx
2023-11-09 11:03:31,processed C:\Users\testadmin\Documents\Ransim\Scenarios\InsideCryptor-TestFiles\MOCK_DATA2.pptx
2023-11-09 11:03:31,processing C:\Users\testadmin\Documents\Ransim\Scenarios\InsideCryptor-TestFiles\MOCK_DATA3.csv
2023-11-09 11:03:32,processed C:\Users\testadmin\Documents\Ransim\Scenarios\InsideCryptor-TestFiles\MOCK_DATA3.csv
2023-11-09 11:03:32,processing C:\Users\testadmin\Documents\Ransim\Scenarios\InsideCryptor-TestFiles\MOCK_DATA3.docx
2023-11-09 11:03:32,processed C:\Users\testadmin\Documents\Ransim\Scenarios\InsideCryptor-TestFiles\MOCK_DATA3.docx
2023-11-09 11:03:33,processing C:\Users\testadmin\Documents\Ransim\Scenarios\InsideCryptor-TestFiles\MOCK_DATA3.pdf
2023-11-09 11:03:33,processed C:\Users\testadmin\Documents\Ransim\Scenarios\InsideCryptor-TestFiles\MOCK_DATA3.pdf
2023-11-09 11:03:33,processing C:\Users\testadmin\Documents\Ransim\Scenarios\InsideCryptor-TestFiles\MOCK_DATA3.pptx
2023-11-09 11:03:33,processed C:\Users\testadmin\Documents\Ransim\Scenarios\InsideCryptor-TestFiles\MOCK_DATA3.pptx
2023-11-09 11:03:34,processing C:\Users\testadmin\Documents\Ransim\Scenarios\InsideCryptor-TestFiles\MOCK_DATA3.xlsx
2023-11-09 11:03:34,processed C:\Users\testadmin\Documents\Ransim\Scenarios\InsideCryptor-TestFiles\MOCK_DATA3.xlsx
2023-11-09 11:03:35,processing C:\Users\testadmin\Documents\Ransim\Scenarios\InsideCryptor-TestFiles\test1.docx
2023-11-09 11:03:35,processed C:\Users\testadmin\Documents\Ransim\Scenarios\InsideCryptor-TestFiles\test1.docx
2023-11-09 11:03:35,processing C:\Users\testadmin\Documents\Ransim\Scenarios\InsideCryptor-TestFiles\test2.docx
2023-11-09 11:03:35,processed C:\Users\testadmin\Documents\Ransim\Scenarios\InsideCryptor-TestFiles\test2.docx
2023-11-09 11:03:36,processing C:\Users\testadmin\Documents\Ransim\Scenarios\InsideCryptor-TestFiles\test3.docx
2023-11-09 11:03:36,processed C:\Users\testadmin\Documents\Ransim\Scenarios\InsideCryptor-TestFiles\test3.docx
2023-11-09 11:04:06,finished
2023-11-09 11:07:01,starting in C:\Users\testadmin\Desktop\Ransim\Scenarios\InsideCryptor\
2023-11-09 11:07:01,Processing 29 files
2023-11-09 11:07:06,processing C:\Users\testadmin\Desktop\Ransim\Scenarios\InsideCryptor-TestFiles\c10.png
2023-11-09 11:07:06,processed C:\Users\testadmin\Desktop\Ransim\Scenarios\InsideCryptor-TestFiles\c10.png
2023-11-09 11:07:07,processing C:\Users\testadmin\Desktop\Ransim\Scenarios\InsideCryptor-TestFiles\c11.png
2023-11-09 11:07:07,processed C:\Users\testadmin\Desktop\Ransim\Scenarios\InsideCryptor-TestFiles\c11.png
2023-11-09 11:07:07,processing C:\Users\testadmin\Desktop\Ransim\Scenarios\InsideCryptor-TestFiles\c12.png
2023-11-09 11:07:08,processed C:\Users\testadmin\Desktop\Ransim\Scenarios\InsideCryptor-TestFiles\c12.png
2023-11-09 11:07:08,processing C:\Users\testadmin\Desktop\Ransim\Scenarios\InsideCryptor-TestFiles\img10.jpg
2023-11-09 11:07:08,processed C:\Users\testadmin\Desktop\Ransim\Scenarios\InsideCryptor-TestFiles\img10.jpg
2023-11-09 11:07:09,processing C:\Users\testadmin\Desktop\Ransim\Scenarios\InsideCryptor-TestFiles\img11.jpg
2023-11-09 11:07:09,processed C:\Users\testadmin\Desktop\Ransim\Scenarios\InsideCryptor-TestFiles\img11.jpg
2023-11-09 11:07:09,processing C:\Users\testadmin\Desktop\Ransim\Scenarios\InsideCryptor-TestFiles\img12.jpg
2023-11-09 11:07:09,processed C:\Users\testadmin\Desktop\Ransim\Scenarios\InsideCryptor-TestFiles\img12.jpg
2023-11-09 11:07:10,processing C:\Users\testadmin\Desktop\Ransim\Scenarios\InsideCryptor-TestFiles\img20.jpg
2023-11-09 11:07:10,processed C:\Users\testadmin\Desktop\Ransim\Scenarios\InsideCryptor-TestFiles\img20.jpg
2023-11-09 11:07:10,processing C:\Users\testadmin\Desktop\Ransim\Scenarios\InsideCryptor-TestFiles\img21.jpg
2023-11-09 11:07:10,processed C:\Users\testadmin\Desktop\Ransim\Scenarios\InsideCryptor-TestFiles\img21.jpg
2023-11-09 11:07:11,processing C:\Users\testadmin\Desktop\Ransim\Scenarios\InsideCryptor-TestFiles\img22.jpg
2023-11-09 11:07:11,processed C:\Users\testadmin\Desktop\Ransim\Scenarios\InsideCryptor-TestFiles\img22.jpg
2023-11-09 11:07:11,processing C:\Users\testadmin\Desktop\Ransim\Scenarios\InsideCryptor-TestFiles\img30.jpg
2023-11-09 11:07:11,processed C:\Users\testadmin\Desktop\Ransim\Scenarios\InsideCryptor-TestFiles\img30.jpg
2023-11-09 11:07:12,processing C:\Users\testadmin\Desktop\Ransim\Scenarios\InsideCryptor-TestFiles\img31.jpg
2023-11-09 11:07:12,processed C:\Users\testadmin\Desktop\Ransim\Scenarios\InsideCryptor-TestFiles\img31.jpg
2023-11-09 11:07:12,processing C:\Users\testadmin\Desktop\Ransim\Scenarios\InsideCryptor-TestFiles\img32.jpg
2023-11-09 11:07:12,processed C:\Users\testadmin\Desktop\Ransim\Scenarios\InsideCryptor-TestFiles\img32.jpg
2023-11-09 11:07:13,processing C:\Users\testadmin\Desktop\Ransim\Scenarios\InsideCryptor-TestFiles\MOCK_DATA1.csv
2023-11-09 11:07:13,processed C:\Users\testadmin\Desktop\Ransim\Scenarios\InsideCryptor-TestFiles\MOCK_DATA1.csv
2023-11-09 11:07:13,processing C:\Users\testadmin\Desktop\Ransim\Scenarios\InsideCryptor-TestFiles\MOCK_DATA1.docx
2023-11-09 11:07:13,processed C:\Users\testadmin\Desktop\Ransim\Scenarios\InsideCryptor-TestFiles\MOCK_DATA1.docx
2023-11-09 11:07:14,processing C:\Users\testadmin\Desktop\Ransim\Scenarios\InsideCryptor-TestFiles\MOCK_DATA1.pdf
2023-11-09 11:07:14,processed C:\Users\testadmin\Desktop\Ransim\Scenarios\InsideCryptor-TestFiles\MOCK_DATA1.pdf
2023-11-09 11:07:14,processing C:\Users\testadmin\Desktop\Ransim\Scenarios\InsideCryptor-TestFiles\MOCK_DATA1.pptx
2023-11-09 11:07:14,processed C:\Users\testadmin\Desktop\Ransim\Scenarios\InsideCryptor-TestFiles\MOCK_DATA1.pptx
2023-11-09 11:07:15,processing C:\Users\testadmin\Desktop\Ransim\Scenarios\InsideCryptor-TestFiles\MOCK_DATA1.xlsx
2023-11-09 11:07:15,processed C:\Users\testadmin\Desktop\Ransim\Scenarios\InsideCryptor-TestFiles\MOCK_DATA1.xlsx
2023-11-09 11:07:15,processing C:\Users\testadmin\Desktop\Ransim\Scenarios\InsideCryptor-TestFiles\MOCK_DATA2.csv
2023-11-09 11:07:15,processed C:\Users\testadmin\Desktop\Ransim\Scenarios\InsideCryptor-TestFiles\MOCK_DATA2.csv
2023-11-09 11:07:16,processing C:\Users\testadmin\Desktop\Ransim\Scenarios\InsideCryptor-TestFiles\MOCK_DATA2.docx
2023-11-09 11:07:16,processed C:\Users\testadmin\Desktop\Ransim\Scenarios\InsideCryptor-TestFiles\MOCK_DATA2.docx
2023-11-09 11:07:16,processing C:\Users\testadmin\Desktop\Ransim\Scenarios\InsideCryptor-TestFiles\MOCK_DATA2.pdf
2023-11-09 11:07:16,processed C:\Users\testadmin\Desktop\Ransim\Scenarios\InsideCryptor-TestFiles\MOCK_DATA2.pdf
2023-11-09 11:07:17,processing C:\Users\testadmin\Desktop\Ransim\Scenarios\InsideCryptor-TestFiles\MOCK_DATA2.pptx
2023-11-09 11:07:17,processed C:\Users\testadmin\Desktop\Ransim\Scenarios\InsideCryptor-TestFiles\MOCK_DATA2.pptx
2023-11-09 11:07:17,processing C:\Users\testadmin\Desktop\Ransim\Scenarios\InsideCryptor-TestFiles\MOCK_DATA3.csv
2023-11-09 11:07:17,processed C:\Users\testadmin\Desktop\Ransim\Scenarios\InsideCryptor-TestFiles\MOCK_DATA3.csv
2023-11-09 11:07:18,processing C:\Users\testadmin\Desktop\Ransim\Scenarios\InsideCryptor-TestFiles\MOCK_DATA3.docx
2023-11-09 11:07:18,processed C:\Users\testadmin\Desktop\Ransim\Scenarios\InsideCryptor-TestFiles\MOCK_DATA3.docx
2023-11-09 11:07:19,processing C:\Users\testadmin\Desktop\Ransim\Scenarios\InsideCryptor-TestFiles\MOCK_DATA3.pdf
2023-11-09 11:07:19,processed C:\Users\testadmin\Desktop\Ransim\Scenarios\InsideCryptor-TestFiles\MOCK_DATA3.pdf
2023-11-09 11:07:19,processing C:\Users\testadmin\Desktop\Ransim\Scenarios\InsideCryptor-TestFiles\MOCK_DATA3.pptx
2023-11-09 11:07:19,processed C:\Users\testadmin\Desktop\Ransim\Scenarios\InsideCryptor-TestFiles\MOCK_DATA3.pptx
2023-11-09 11:07:20,processing C:\Users\testadmin\Desktop\Ransim\Scenarios\InsideCryptor-TestFiles\MOCK_DATA3.xlsx
2023-11-09 11:07:20,processed C:\Users\testadmin\Desktop\Ransim\Scenarios\InsideCryptor-TestFiles\MOCK_DATA3.xlsx
2023-11-09 11:07:20,processing C:\Users\testadmin\Desktop\Ransim\Scenarios\InsideCryptor-TestFiles\test1.docx
2023-11-09 11:07:20,processed C:\Users\testadmin\Desktop\Ransim\Scenarios\InsideCryptor-TestFiles\test1.docx
2023-11-09 11:07:21,processing C:\Users\testadmin\Desktop\Ransim\Scenarios\InsideCryptor-TestFiles\test2.docx
2023-11-09 11:07:21,processed C:\Users\testadmin\Desktop\Ransim\Scenarios\InsideCryptor-TestFiles\test2.docx
2023-11-09 11:07:21,processing C:\Users\testadmin\Desktop\Ransim\Scenarios\InsideCryptor-TestFiles\test3.docx
2023-11-09 11:07:21,processed C:\Users\testadmin\Desktop\Ransim\Scenarios\InsideCryptor-TestFiles\test3.docx
2023-11-09 11:07:52,finished
2023-11-10 09:36:31,starting in C:\Users\TestAdmin\Desktop\EO\Ransim\Scenarios\InsideCryptor\
2023-11-10 09:36:31,Processing 29 files
2023-11-10 09:36:36,processing C:\Users\TestAdmin\Desktop\EO\Ransim\Scenarios\InsideCryptor-TestFiles\c10.png
2023-11-10 09:36:36,processed C:\Users\TestAdmin\Desktop\EO\Ransim\Scenarios\InsideCryptor-TestFiles\c10.png
2023-11-10 09:36:36,processing C:\Users\TestAdmin\Desktop\EO\Ransim\Scenarios\InsideCryptor-TestFiles\c11.png
2023-11-10 09:36:36,processed C:\Users\TestAdmin\Desktop\EO\Ransim\Scenarios\InsideCryptor-TestFiles\c11.png
2023-11-10 09:36:37,processing C:\Users\TestAdmin\Desktop\EO\Ransim\Scenarios\InsideCryptor-TestFiles\c12.png
2023-11-10 09:36:37,processed C:\Users\TestAdmin\Desktop\EO\Ransim\Scenarios\InsideCryptor-TestFiles\c12.png
2023-11-10 09:36:37,processing C:\Users\TestAdmin\Desktop\EO\Ransim\Scenarios\InsideCryptor-TestFiles\img10.jpg
2023-11-10 09:36:37,processed C:\Users\TestAdmin\Desktop\EO\Ransim\Scenarios\InsideCryptor-TestFiles\img10.jpg
2023-11-10 09:36:38,processing C:\Users\TestAdmin\Desktop\EO\Ransim\Scenarios\InsideCryptor-TestFiles\img11.jpg
2023-11-10 09:36:38,processed C:\Users\TestAdmin\Desktop\EO\Ransim\Scenarios\InsideCryptor-TestFiles\img11.jpg
2023-11-10 09:36:38,processing C:\Users\TestAdmin\Desktop\EO\Ransim\Scenarios\InsideCryptor-TestFiles\img12.jpg
2023-11-10 09:36:38,processed C:\Users\TestAdmin\Desktop\EO\Ransim\Scenarios\InsideCryptor-TestFiles\img12.jpg
2023-11-10 09:36:39,processing C:\Users\TestAdmin\Desktop\EO\Ransim\Scenarios\InsideCryptor-TestFiles\img20.jpg
2023-11-10 09:36:39,processed C:\Users\TestAdmin\Desktop\EO\Ransim\Scenarios\InsideCryptor-TestFiles\img20.jpg
2023-11-10 09:36:39,processing C:\Users\TestAdmin\Desktop\EO\Ransim\Scenarios\InsideCryptor-TestFiles\img21.jpg
2023-11-10 09:36:39,processed C:\Users\TestAdmin\Desktop\EO\Ransim\Scenarios\InsideCryptor-TestFiles\img21.jpg
2023-11-10 09:36:40,processing C:\Users\TestAdmin\Desktop\EO\Ransim\Scenarios\InsideCryptor-TestFiles\img22.jpg
2023-11-10 09:36:40,processed C:\Users\TestAdmin\Desktop\EO\Ransim\Scenarios\InsideCryptor-TestFiles\img22.jpg
2023-11-10 09:36:40,processing C:\Users\TestAdmin\Desktop\EO\Ransim\Scenarios\InsideCryptor-TestFiles\img30.jpg
2023-11-10 09:36:40,processed C:\Users\TestAdmin\Desktop\EO\Ransim\Scenarios\InsideCryptor-TestFiles\img30.jpg
2023-11-10 09:36:41,processing C:\Users\TestAdmin\Desktop\EO\Ransim\Scenarios\InsideCryptor-TestFiles\img31.jpg
2023-11-10 09:36:41,processed C:\Users\TestAdmin\Desktop\EO\Ransim\Scenarios\InsideCryptor-TestFiles\img31.jpg
2023-11-10 09:36:41,processing C:\Users\TestAdmin\Desktop\EO\Ransim\Scenarios\InsideCryptor-TestFiles\img32.jpg
2023-11-10 09:36:41,processed C:\Users\TestAdmin\Desktop\EO\Ransim\Scenarios\InsideCryptor-TestFiles\img32.jpg
2023-11-10 09:36:42,processing C:\Users\TestAdmin\Desktop\EO\Ransim\Scenarios\InsideCryptor-TestFiles\MOCK_DATA1.csv
2023-11-10 09:36:42,processed C:\Users\TestAdmin\Desktop\EO\Ransim\Scenarios\InsideCryptor-TestFiles\MOCK_DATA1.csv
2023-11-10 09:36:42,processing C:\Users\TestAdmin\Desktop\EO\Ransim\Scenarios\InsideCryptor-TestFiles\MOCK_DATA1.docx
2023-11-10 09:36:43,processed C:\Users\TestAdmin\Desktop\EO\Ransim\Scenarios\InsideCryptor-TestFiles\MOCK_DATA1.docx
2023-11-10 09:36:43,processing C:\Users\TestAdmin\Desktop\EO\Ransim\Scenarios\InsideCryptor-TestFiles\MOCK_DATA1.pdf
2023-11-10 09:36:43,processed C:\Users\TestAdmin\Desktop\EO\Ransim\Scenarios\InsideCryptor-TestFiles\MOCK_DATA1.pdf
2023-11-10 09:36:44,processing C:\Users\TestAdmin\Desktop\EO\Ransim\Scenarios\InsideCryptor-TestFiles\MOCK_DATA1.pptx
2023-11-10 09:36:44,processed C:\Users\TestAdmin\Desktop\EO\Ransim\Scenarios\InsideCryptor-TestFiles\MOCK_DATA1.pptx
2023-11-10 09:36:44,processing C:\Users\TestAdmin\Desktop\EO\Ransim\Scenarios\InsideCryptor-TestFiles\MOCK_DATA1.xlsx
2023-11-10 09:36:44,processed C:\Users\TestAdmin\Desktop\EO\Ransim\Scenarios\InsideCryptor-TestFiles\MOCK_DATA1.xlsx
2023-11-10 09:36:45,processing C:\Users\TestAdmin\Desktop\EO\Ransim\Scenarios\InsideCryptor-TestFiles\MOCK_DATA2.csv
2023-11-10 09:36:45,processed C:\Users\TestAdmin\Desktop\EO\Ransim\Scenarios\InsideCryptor-TestFiles\MOCK_DATA2.csv
2023-11-10 09:36:45,processing C:\Users\TestAdmin\Desktop\EO\Ransim\Scenarios\InsideCryptor-TestFiles\MOCK_DATA2.docx
2023-11-10 09:36:45,processed C:\Users\TestAdmin\Desktop\EO\Ransim\Scenarios\InsideCryptor-TestFiles\MOCK_DATA2.docx
2023-11-10 09:36:46,processing C:\Users\TestAdmin\Desktop\EO\Ransim\Scenarios\InsideCryptor-TestFiles\MOCK_DATA2.pdf
2023-11-10 09:36:46,processed C:\Users\TestAdmin\Desktop\EO\Ransim\Scenarios\InsideCryptor-TestFiles\MOCK_DATA2.pdf
2023-11-10 09:36:46,processing C:\Users\TestAdmin\Desktop\EO\Ransim\Scenarios\InsideCryptor-TestFiles\MOCK_DATA2.pptx
2023-11-10 09:36:46,processed C:\Users\TestAdmin\Desktop\EO\Ransim\Scenarios\InsideCryptor-TestFiles\MOCK_DATA2.pptx
2023-11-10 09:36:47,processing C:\Users\TestAdmin\Desktop\EO\Ransim\Scenarios\InsideCryptor-TestFiles\MOCK_DATA3.csv
2023-11-10 09:36:47,processed C:\Users\TestAdmin\Desktop\EO\Ransim\Scenarios\InsideCryptor-TestFiles\MOCK_DATA3.csv
2023-11-10 09:36:47,processing C:\Users\TestAdmin\Desktop\EO\Ransim\Scenarios\InsideCryptor-TestFiles\MOCK_DATA3.docx
2023-11-10 09:36:47,processed C:\Users\TestAdmin\Desktop\EO\Ransim\Scenarios\InsideCryptor-TestFiles\MOCK_DATA3.docx
2023-11-10 09:36:48,processing C:\Users\TestAdmin\Desktop\EO\Ransim\Scenarios\InsideCryptor-TestFiles\MOCK_DATA3.pdf
2023-11-10 09:36:48,processed C:\Users\TestAdmin\Desktop\EO\Ransim\Scenarios\InsideCryptor-TestFiles\MOCK_DATA3.pdf
2023-11-10 09:36:48,processing C:\Users\TestAdmin\Desktop\EO\Ransim\Scenarios\InsideCryptor-TestFiles\MOCK_DATA3.pptx
2023-11-10 09:36:48,processed C:\Users\TestAdmin\Desktop\EO\Ransim\Scenarios\InsideCryptor-TestFiles\MOCK_DATA3.pptx
2023-11-10 09:36:49,processing C:\Users\TestAdmin\Desktop\EO\Ransim\Scenarios\InsideCryptor-TestFiles\MOCK_DATA3.xlsx
2023-11-10 09:36:49,processed C:\Users\TestAdmin\Desktop\EO\Ransim\Scenarios\InsideCryptor-TestFiles\MOCK_DATA3.xlsx
2023-11-10 09:36:49,processing C:\Users\TestAdmin\Desktop\EO\Ransim\Scenarios\InsideCryptor-TestFiles\test1.docx
2023-11-10 09:36:49,processed C:\Users\TestAdmin\Desktop\EO\Ransim\Scenarios\InsideCryptor-TestFiles\test1.docx
2023-11-10 09:36:50,processing C:\Users\TestAdmin\Desktop\EO\Ransim\Scenarios\InsideCryptor-TestFiles\test2.docx
2023-11-10 09:36:50,processed C:\Users\TestAdmin\Desktop\EO\Ransim\Scenarios\InsideCryptor-TestFiles\test2.docx
2023-11-10 09:36:50,processing C:\Users\TestAdmin\Desktop\EO\Ransim\Scenarios\InsideCryptor-TestFiles\test3.docx
2023-11-10 09:36:50,processed C:\Users\TestAdmin\Desktop\EO\Ransim\Scenarios\InsideCryptor-TestFiles\test3.docx
2023-11-10 09:37:21,finished
2023-11-10 16:06:39,starting in C:\Users\TestAdmin\Desktop\EO\Ransim\Scenarios\InsideCryptor\
2023-11-10 16:06:39,Processing 29 files
2023-11-10 16:06:45,processing C:\Users\TestAdmin\Desktop\EO\Ransim\Scenarios\InsideCryptor-TestFiles\c10.png
2023-11-10 16:06:45,processed C:\Users\TestAdmin\Desktop\EO\Ransim\Scenarios\InsideCryptor-TestFiles\c10.png
2023-11-10 16:06:45,processing C:\Users\TestAdmin\Desktop\EO\Ransim\Scenarios\InsideCryptor-TestFiles\c11.png
2023-11-10 16:06:46,processed C:\Users\TestAdmin\Desktop\EO\Ransim\Scenarios\InsideCryptor-TestFiles\c11.png
2023-11-10 16:06:46,processing C:\Users\TestAdmin\Desktop\EO\Ransim\Scenarios\InsideCryptor-TestFiles\c12.png
2023-11-10 16:06:46,processed C:\Users\TestAdmin\Desktop\EO\Ransim\Scenarios\InsideCryptor-TestFiles\c12.png
2023-11-10 16:06:47,processing C:\Users\TestAdmin\Desktop\EO\Ransim\Scenarios\InsideCryptor-TestFiles\img10.jpg
2023-11-10 16:06:47,processed C:\Users\TestAdmin\Desktop\EO\Ransim\Scenarios\InsideCryptor-TestFiles\img10.jpg
2023-11-10 16:06:48,processing C:\Users\TestAdmin\Desktop\EO\Ransim\Scenarios\InsideCryptor-TestFiles\img11.jpg
2023-11-10 16:06:48,processed C:\Users\TestAdmin\Desktop\EO\Ransim\Scenarios\InsideCryptor-TestFiles\img11.jpg
2023-11-10 16:06:48,processing C:\Users\TestAdmin\Desktop\EO\Ransim\Scenarios\InsideCryptor-TestFiles\img12.jpg
2023-11-10 16:06:48,processed C:\Users\TestAdmin\Desktop\EO\Ransim\Scenarios\InsideCryptor-TestFiles\img12.jpg
2023-11-10 16:06:49,processing C:\Users\TestAdmin\Desktop\EO\Ransim\Scenarios\InsideCryptor-TestFiles\img20.jpg
2023-11-10 16:06:49,processed C:\Users\TestAdmin\Desktop\EO\Ransim\Scenarios\InsideCryptor-TestFiles\img20.jpg
2023-11-10 16:06:50,processing C:\Users\TestAdmin\Desktop\EO\Ransim\Scenarios\InsideCryptor-TestFiles\img21.jpg
2023-11-10 16:06:50,processed C:\Users\TestAdmin\Desktop\EO\Ransim\Scenarios\InsideCryptor-TestFiles\img21.jpg
2023-11-10 16:06:50,processing C:\Users\TestAdmin\Desktop\EO\Ransim\Scenarios\InsideCryptor-TestFiles\img22.jpg
2023-11-10 16:06:51,processed C:\Users\TestAdmin\Desktop\EO\Ransim\Scenarios\InsideCryptor-TestFiles\img22.jpg
2023-11-10 16:06:51,processing C:\Users\TestAdmin\Desktop\EO\Ransim\Scenarios\InsideCryptor-TestFiles\img30.jpg
2023-11-10 16:06:51,processed C:\Users\TestAdmin\Desktop\EO\Ransim\Scenarios\InsideCryptor-TestFiles\img30.jpg
2023-11-10 16:06:52,processing C:\Users\TestAdmin\Desktop\EO\Ransim\Scenarios\InsideCryptor-TestFiles\img31.jpg
2023-11-10 16:06:52,processed C:\Users\TestAdmin\Desktop\EO\Ransim\Scenarios\InsideCryptor-TestFiles\img31.jpg
2023-11-10 16:06:52,processing C:\Users\TestAdmin\Desktop\EO\Ransim\Scenarios\InsideCryptor-TestFiles\img32.jpg
2023-11-10 16:06:53,processed C:\Users\TestAdmin\Desktop\EO\Ransim\Scenarios\InsideCryptor-TestFiles\img32.jpg
2023-11-10 16:06:53,processing C:\Users\TestAdmin\Desktop\EO\Ransim\Scenarios\InsideCryptor-TestFiles\MOCK_DATA1.csv
2023-11-10 16:06:53,processed C:\Users\TestAdmin\Desktop\EO\Ransim\Scenarios\InsideCryptor-TestFiles\MOCK_DATA1.csv
2023-11-10 16:06:54,processing C:\Users\TestAdmin\Desktop\EO\Ransim\Scenarios\InsideCryptor-TestFiles\MOCK_DATA1.docx
2023-11-10 16:06:54,processed C:\Users\TestAdmin\Desktop\EO\Ransim\Scenarios\InsideCryptor-TestFiles\MOCK_DATA1.docx
2023-11-10 16:06:55,processing C:\Users\TestAdmin\Desktop\EO\Ransim\Scenarios\InsideCryptor-TestFiles\MOCK_DATA1.pdf
2023-11-10 16:06:55,processed C:\Users\TestAdmin\Desktop\EO\Ransim\Scenarios\InsideCryptor-TestFiles\MOCK_DATA1.pdf
2023-11-10 16:06:55,processing C:\Users\TestAdmin\Desktop\EO\Ransim\Scenarios\InsideCryptor-TestFiles\MOCK_DATA1.pptx
2023-11-10 16:06:55,processed C:\Users\TestAdmin\Desktop\EO\Ransim\Scenarios\InsideCryptor-TestFiles\MOCK_DATA1.pptx
2023-11-10 16:06:56,processing C:\Users\TestAdmin\Desktop\EO\Ransim\Scenarios\InsideCryptor-TestFiles\MOCK_DATA1.xlsx
2023-11-10 16:06:56,processed C:\Users\TestAdmin\Desktop\EO\Ransim\Scenarios\InsideCryptor-TestFiles\MOCK_DATA1.xlsx
2023-11-10 16:06:57,processing C:\Users\TestAdmin\Desktop\EO\Ransim\Scenarios\InsideCryptor-TestFiles\MOCK_DATA2.csv
2023-11-10 16:06:57,processed C:\Users\TestAdmin\Desktop\EO\Ransim\Scenarios\InsideCryptor-TestFiles\MOCK_DATA2.csv
2023-11-10 16:06:57,processing C:\Users\TestAdmin\Desktop\EO\Ransim\Scenarios\InsideCryptor-TestFiles\MOCK_DATA2.docx
2023-11-10 16:06:58,processed C:\Users\TestAdmin\Desktop\EO\Ransim\Scenarios\InsideCryptor-TestFiles\MOCK_DATA2.docx
2023-11-10 16:06:58,processing C:\Users\TestAdmin\Desktop\EO\Ransim\Scenarios\InsideCryptor-TestFiles\MOCK_DATA2.pdf
2023-11-10 16:06:58,processed C:\Users\TestAdmin\Desktop\EO\Ransim\Scenarios\InsideCryptor-TestFiles\MOCK_DATA2.pdf
2023-11-10 16:06:59,processing C:\Users\TestAdmin\Desktop\EO\Ransim\Scenarios\InsideCryptor-TestFiles\MOCK_DATA2.pptx
2023-11-10 16:06:59,processed C:\Users\TestAdmin\Desktop\EO\Ransim\Scenarios\InsideCryptor-TestFiles\MOCK_DATA2.pptx
2023-11-10 16:07:00,processing C:\Users\TestAdmin\Desktop\EO\Ransim\Scenarios\InsideCryptor-TestFiles\MOCK_DATA3.csv
2023-11-10 16:07:00,processed C:\Users\TestAdmin\Desktop\EO\Ransim\Scenarios\InsideCryptor-TestFiles\MOCK_DATA3.csv
2023-11-10 16:07:00,processing C:\Users\TestAdmin\Desktop\EO\Ransim\Scenarios\InsideCryptor-TestFiles\MOCK_DATA3.docx
2023-11-10 16:07:01,processed C:\Users\TestAdmin\Desktop\EO\Ransim\Scenarios\InsideCryptor-TestFiles\MOCK_DATA3.docx
2023-11-10 16:07:01,processing C:\Users\TestAdmin\Desktop\EO\Ransim\Scenarios\InsideCryptor-TestFiles\MOCK_DATA3.pdf
2023-11-10 16:07:01,processed C:\Users\TestAdmin\Desktop\EO\Ransim\Scenarios\InsideCryptor-TestFiles\MOCK_DATA3.pdf
2023-11-10 16:07:02,processing C:\Users\TestAdmin\Desktop\EO\Ransim\Scenarios\InsideCryptor-TestFiles\MOCK_DATA3.pptx
2023-11-10 16:07:02,processed C:\Users\TestAdmin\Desktop\EO\Ransim\Scenarios\InsideCryptor-TestFiles\MOCK_DATA3.pptx
2023-11-10 16:07:03,processing C:\Users\TestAdmin\Desktop\EO\Ransim\Scenarios\InsideCryptor-TestFiles\MOCK_DATA3.xlsx
2023-11-10 16:07:03,processed C:\Users\TestAdmin\Desktop\EO\Ransim\Scenarios\InsideCryptor-TestFiles\MOCK_DATA3.xlsx
2023-11-10 16:07:04,processing C:\Users\TestAdmin\Desktop\EO\Ransim\Scenarios\InsideCryptor-TestFiles\test1.docx
2023-11-10 16:07:04,processed C:\Users\TestAdmin\Desktop\EO\Ransim\Scenarios\InsideCryptor-TestFiles\test1.docx
2023-11-10 16:07:04,processing C:\Users\TestAdmin\Desktop\EO\Ransim\Scenarios\InsideCryptor-TestFiles\test2.docx
2023-11-10 16:07:04,processed C:\Users\TestAdmin\Desktop\EO\Ransim\Scenarios\InsideCryptor-TestFiles\test2.docx
2023-11-10 16:07:05,processing C:\Users\TestAdmin\Desktop\EO\Ransim\Scenarios\InsideCryptor-TestFiles\test3.docx
2023-11-10 16:07:05,processed C:\Users\TestAdmin\Desktop\EO\Ransim\Scenarios\InsideCryptor-TestFiles\test3.docx
2023-11-10 16:07:36,finished
2023-11-11 11:58:24,starting in C:\Users\EO11\Desktop\EO11\Ransim\Scenarios\InsideCryptor\
2023-11-11 11:58:24,Processing 29 files
2023-11-11 11:58:29,processing C:\Users\EO11\Desktop\EO11\Ransim\Scenarios\InsideCryptor-TestFiles\c10.png
2023-11-11 11:58:29,processed C:\Users\EO11\Desktop\EO11\Ransim\Scenarios\InsideCryptor-TestFiles\c10.png
2023-11-11 11:58:29,processing C:\Users\EO11\Desktop\EO11\Ransim\Scenarios\InsideCryptor-TestFiles\c11.png
2023-11-11 11:58:29,processed C:\Users\EO11\Desktop\EO11\Ransim\Scenarios\InsideCryptor-TestFiles\c11.png
2023-11-11 11:58:30,processing C:\Users\EO11\Desktop\EO11\Ransim\Scenarios\InsideCryptor-TestFiles\c12.png
2023-11-11 11:58:30,processed C:\Users\EO11\Desktop\EO11\Ransim\Scenarios\InsideCryptor-TestFiles\c12.png
2023-11-11 11:58:30,processing C:\Users\EO11\Desktop\EO11\Ransim\Scenarios\InsideCryptor-TestFiles\img10.jpg
2023-11-11 11:58:30,processed C:\Users\EO11\Desktop\EO11\Ransim\Scenarios\InsideCryptor-TestFiles\img10.jpg
2023-11-11 11:58:31,processing C:\Users\EO11\Desktop\EO11\Ransim\Scenarios\InsideCryptor-TestFiles\img11.jpg
2023-11-11 11:58:31,processed C:\Users\EO11\Desktop\EO11\Ransim\Scenarios\InsideCryptor-TestFiles\img11.jpg
2023-11-11 11:58:32,processing C:\Users\EO11\Desktop\EO11\Ransim\Scenarios\InsideCryptor-TestFiles\img12.jpg
2023-11-11 11:58:32,processed C:\Users\EO11\Desktop\EO11\Ransim\Scenarios\InsideCryptor-TestFiles\img12.jpg
2023-11-11 11:58:32,processing C:\Users\EO11\Desktop\EO11\Ransim\Scenarios\InsideCryptor-TestFiles\img20.jpg
2023-11-11 11:58:32,processed C:\Users\EO11\Desktop\EO11\Ransim\Scenarios\InsideCryptor-TestFiles\img20.jpg
2023-11-11 11:58:33,processing C:\Users\EO11\Desktop\EO11\Ransim\Scenarios\InsideCryptor-TestFiles\img21.jpg
2023-11-11 11:58:33,processed C:\Users\EO11\Desktop\EO11\Ransim\Scenarios\InsideCryptor-TestFiles\img21.jpg
2023-11-11 11:58:33,processing C:\Users\EO11\Desktop\EO11\Ransim\Scenarios\InsideCryptor-TestFiles\img22.jpg
2023-11-11 11:58:33,processed C:\Users\EO11\Desktop\EO11\Ransim\Scenarios\InsideCryptor-TestFiles\img22.jpg
2023-11-11 11:58:34,processing C:\Users\EO11\Desktop\EO11\Ransim\Scenarios\InsideCryptor-TestFiles\img30.jpg
2023-11-11 11:58:34,processed C:\Users\EO11\Desktop\EO11\Ransim\Scenarios\InsideCryptor-TestFiles\img30.jpg
2023-11-11 11:58:35,processing C:\Users\EO11\Desktop\EO11\Ransim\Scenarios\InsideCryptor-TestFiles\img31.jpg
2023-11-11 11:58:35,processed C:\Users\EO11\Desktop\EO11\Ransim\Scenarios\InsideCryptor-TestFiles\img31.jpg
2023-11-11 11:58:35,processing C:\Users\EO11\Desktop\EO11\Ransim\Scenarios\InsideCryptor-TestFiles\img32.jpg
2023-11-11 11:58:35,processed C:\Users\EO11\Desktop\EO11\Ransim\Scenarios\InsideCryptor-TestFiles\img32.jpg
2023-11-11 11:58:36,processing C:\Users\EO11\Desktop\EO11\Ransim\Scenarios\InsideCryptor-TestFiles\MOCK_DATA1.csv
2023-11-11 11:58:36,processed C:\Users\EO11\Desktop\EO11\Ransim\Scenarios\InsideCryptor-TestFiles\MOCK_DATA1.csv
2023-11-11 11:58:36,processing C:\Users\EO11\Desktop\EO11\Ransim\Scenarios\InsideCryptor-TestFiles\MOCK_DATA1.docx
2023-11-11 11:58:36,processed C:\Users\EO11\Desktop\EO11\Ransim\Scenarios\InsideCryptor-TestFiles\MOCK_DATA1.docx
2023-11-11 11:58:37,processing C:\Users\EO11\Desktop\EO11\Ransim\Scenarios\InsideCryptor-TestFiles\MOCK_DATA1.pdf
2023-11-11 11:58:37,processed C:\Users\EO11\Desktop\EO11\Ransim\Scenarios\InsideCryptor-TestFiles\MOCK_DATA1.pdf
2023-11-11 11:58:38,processing C:\Users\EO11\Desktop\EO11\Ransim\Scenarios\InsideCryptor-TestFiles\MOCK_DATA1.pptx
2023-11-11 11:58:38,processed C:\Users\EO11\Desktop\EO11\Ransim\Scenarios\InsideCryptor-TestFiles\MOCK_DATA1.pptx
2023-11-11 11:58:38,processing C:\Users\EO11\Desktop\EO11\Ransim\Scenarios\InsideCryptor-TestFiles\MOCK_DATA1.xlsx
2023-11-11 11:58:38,processed C:\Users\EO11\Desktop\EO11\Ransim\Scenarios\InsideCryptor-TestFiles\MOCK_DATA1.xlsx
2023-11-11 11:58:39,processing C:\Users\EO11\Desktop\EO11\Ransim\Scenarios\InsideCryptor-TestFiles\MOCK_DATA2.csv
2023-11-11 11:58:39,processed C:\Users\EO11\Desktop\EO11\Ransim\Scenarios\InsideCryptor-TestFiles\MOCK_DATA2.csv
2023-11-11 11:58:40,processing C:\Users\EO11\Desktop\EO11\Ransim\Scenarios\InsideCryptor-TestFiles\MOCK_DATA2.docx
2023-11-11 11:58:40,processed C:\Users\EO11\Desktop\EO11\Ransim\Scenarios\InsideCryptor-TestFiles\MOCK_DATA2.docx
2023-11-11 11:58:40,processing C:\Users\EO11\Desktop\EO11\Ransim\Scenarios\InsideCryptor-TestFiles\MOCK_DATA2.pdf
2023-11-11 11:58:41,processed C:\Users\EO11\Desktop\EO11\Ransim\Scenarios\InsideCryptor-TestFiles\MOCK_DATA2.pdf
2023-11-11 11:58:41,processing C:\Users\EO11\Desktop\EO11\Ransim\Scenarios\InsideCryptor-TestFiles\MOCK_DATA2.pptx
2023-11-11 11:58:41,processed C:\Users\EO11\Desktop\EO11\Ransim\Scenarios\InsideCryptor-TestFiles\MOCK_DATA2.pptx
2023-11-11 11:58:42,processing C:\Users\EO11\Desktop\EO11\Ransim\Scenarios\InsideCryptor-TestFiles\MOCK_DATA3.csv
2023-11-11 11:58:42,processed C:\Users\EO11\Desktop\EO11\Ransim\Scenarios\InsideCryptor-TestFiles\MOCK_DATA3.csv
2023-11-11 11:58:42,processing C:\Users\EO11\Desktop\EO11\Ransim\Scenarios\InsideCryptor-TestFiles\MOCK_DATA3.docx
2023-11-11 11:58:43,processed C:\Users\EO11\Desktop\EO11\Ransim\Scenarios\InsideCryptor-TestFiles\MOCK_DATA3.docx
2023-11-11 11:58:43,processing C:\Users\EO11\Desktop\EO11\Ransim\Scenarios\InsideCryptor-TestFiles\MOCK_DATA3.pdf
2023-11-11 11:58:43,processed C:\Users\EO11\Desktop\EO11\Ransim\Scenarios\InsideCryptor-TestFiles\MOCK_DATA3.pdf
2023-11-11 11:58:44,processing C:\Users\EO11\Desktop\EO11\Ransim\Scenarios\InsideCryptor-TestFiles\MOCK_DATA3.pptx
2023-11-11 11:58:44,processed C:\Users\EO11\Desktop\EO11\Ransim\Scenarios\InsideCryptor-TestFiles\MOCK_DATA3.pptx
2023-11-11 11:58:44,processing C:\Users\EO11\Desktop\EO11\Ransim\Scenarios\InsideCryptor-TestFiles\MOCK_DATA3.xlsx
2023-11-11 11:58:45,processed C:\Users\EO11\Desktop\EO11\Ransim\Scenarios\InsideCryptor-TestFiles\MOCK_DATA3.xlsx
2023-11-11 11:58:45,processing C:\Users\EO11\Desktop\EO11\Ransim\Scenarios\InsideCryptor-TestFiles\test1.docx
2023-11-11 11:58:45,processed C:\Users\EO11\Desktop\EO11\Ransim\Scenarios\InsideCryptor-TestFiles\test1.docx
2023-11-11 11:58:46,processing C:\Users\EO11\Desktop\EO11\Ransim\Scenarios\InsideCryptor-TestFiles\test2.docx
2023-11-11 11:58:46,processed C:\Users\EO11\Desktop\EO11\Ransim\Scenarios\InsideCryptor-TestFiles\test2.docx
2023-11-11 11:58:47,processing C:\Users\EO11\Desktop\EO11\Ransim\Scenarios\InsideCryptor-TestFiles\test3.docx
2023-11-11 11:58:47,processed C:\Users\EO11\Desktop\EO11\Ransim\Scenarios\InsideCryptor-TestFiles\test3.docx
2023-11-11 11:59:17,finished
2023-11-11 16:25:45,starting in C:\Users\EO11\Desktop\EO11\Ransim\Scenarios\InsideCryptor\
2023-11-11 16:25:45,Processing 29 files
2023-11-11 16:25:50,processing C:\Users\EO11\Desktop\EO11\Ransim\Scenarios\InsideCryptor-TestFiles\c10.png
2023-11-11 16:25:50,processed C:\Users\EO11\Desktop\EO11\Ransim\Scenarios\InsideCryptor-TestFiles\c10.png
2023-11-11 16:25:51,processing C:\Users\EO11\Desktop\EO11\Ransim\Scenarios\InsideCryptor-TestFiles\c11.png
2023-11-11 16:25:51,processed C:\Users\EO11\Desktop\EO11\Ransim\Scenarios\InsideCryptor-TestFiles\c11.png
2023-11-11 16:25:51,processing C:\Users\EO11\Desktop\EO11\Ransim\Scenarios\InsideCryptor-TestFiles\c12.png
2023-11-11 16:25:51,processed C:\Users\EO11\Desktop\EO11\Ransim\Scenarios\InsideCryptor-TestFiles\c12.png
2023-11-11 16:25:52,processing C:\Users\EO11\Desktop\EO11\Ransim\Scenarios\InsideCryptor-TestFiles\img10.jpg
2023-11-11 16:25:52,processed C:\Users\EO11\Desktop\EO11\Ransim\Scenarios\InsideCryptor-TestFiles\img10.jpg
2023-11-11 16:25:52,processing C:\Users\EO11\Desktop\EO11\Ransim\Scenarios\InsideCryptor-TestFiles\img11.jpg
2023-11-11 16:25:52,processed C:\Users\EO11\Desktop\EO11\Ransim\Scenarios\InsideCryptor-TestFiles\img11.jpg
2023-11-11 16:25:53,processing C:\Users\EO11\Desktop\EO11\Ransim\Scenarios\InsideCryptor-TestFiles\img12.jpg
2023-11-11 16:25:53,processed C:\Users\EO11\Desktop\EO11\Ransim\Scenarios\InsideCryptor-TestFiles\img12.jpg
2023-11-11 16:25:53,processing C:\Users\EO11\Desktop\EO11\Ransim\Scenarios\InsideCryptor-TestFiles\img20.jpg
2023-11-11 16:25:53,processed C:\Users\EO11\Desktop\EO11\Ransim\Scenarios\InsideCryptor-TestFiles\img20.jpg
2023-11-11 16:25:54,processing C:\Users\EO11\Desktop\EO11\Ransim\Scenarios\InsideCryptor-TestFiles\img21.jpg
2023-11-11 16:25:54,processed C:\Users\EO11\Desktop\EO11\Ransim\Scenarios\InsideCryptor-TestFiles\img21.jpg
2023-11-11 16:25:54,processing C:\Users\EO11\Desktop\EO11\Ransim\Scenarios\InsideCryptor-TestFiles\img22.jpg
2023-11-11 16:25:54,processed C:\Users\EO11\Desktop\EO11\Ransim\Scenarios\InsideCryptor-TestFiles\img22.jpg
2023-11-11 16:25:55,processing C:\Users\EO11\Desktop\EO11\Ransim\Scenarios\InsideCryptor-TestFiles\img30.jpg
2023-11-11 16:25:55,processed C:\Users\EO11\Desktop\EO11\Ransim\Scenarios\InsideCryptor-TestFiles\img30.jpg
2023-11-11 16:25:55,processing C:\Users\EO11\Desktop\EO11\Ransim\Scenarios\InsideCryptor-TestFiles\img31.jpg
2023-11-11 16:25:55,processed C:\Users\EO11\Desktop\EO11\Ransim\Scenarios\InsideCryptor-TestFiles\img31.jpg
2023-11-11 16:25:56,processing C:\Users\EO11\Desktop\EO11\Ransim\Scenarios\InsideCryptor-TestFiles\img32.jpg
2023-11-11 16:25:56,processed C:\Users\EO11\Desktop\EO11\Ransim\Scenarios\InsideCryptor-TestFiles\img32.jpg
2023-11-11 16:25:56,processing C:\Users\EO11\Desktop\EO11\Ransim\Scenarios\InsideCryptor-TestFiles\MOCK_DATA1.csv
2023-11-11 16:25:56,processed C:\Users\EO11\Desktop\EO11\Ransim\Scenarios\InsideCryptor-TestFiles\MOCK_DATA1.csv
2023-11-11 16:25:57,processing C:\Users\EO11\Desktop\EO11\Ransim\Scenarios\InsideCryptor-TestFiles\MOCK_DATA1.docx
2023-11-11 16:25:57,processed C:\Users\EO11\Desktop\EO11\Ransim\Scenarios\InsideCryptor-TestFiles\MOCK_DATA1.docx
2023-11-11 16:25:57,processing C:\Users\EO11\Desktop\EO11\Ransim\Scenarios\InsideCryptor-TestFiles\MOCK_DATA1.pdf
2023-11-11 16:25:57,processed C:\Users\EO11\Desktop\EO11\Ransim\Scenarios\InsideCryptor-TestFiles\MOCK_DATA1.pdf
2023-11-11 16:25:58,processing C:\Users\EO11\Desktop\EO11\Ransim\Scenarios\InsideCryptor-TestFiles\MOCK_DATA1.pptx
2023-11-11 16:25:58,processed C:\Users\EO11\Desktop\EO11\Ransim\Scenarios\InsideCryptor-TestFiles\MOCK_DATA1.pptx
2023-11-11 16:25:58,processing C:\Users\EO11\Desktop\EO11\Ransim\Scenarios\InsideCryptor-TestFiles\MOCK_DATA1.xlsx
2023-11-11 16:25:58,processed C:\Users\EO11\Desktop\EO11\Ransim\Scenarios\InsideCryptor-TestFiles\MOCK_DATA1.xlsx
2023-11-11 16:25:59,processing C:\Users\EO11\Desktop\EO11\Ransim\Scenarios\InsideCryptor-TestFiles\MOCK_DATA2.csv
2023-11-11 16:25:59,processed C:\Users\EO11\Desktop\EO11\Ransim\Scenarios\InsideCryptor-TestFiles\MOCK_DATA2.csv
2023-11-11 16:26:00,processing C:\Users\EO11\Desktop\EO11\Ransim\Scenarios\InsideCryptor-TestFiles\MOCK_DATA2.docx
2023-11-11 16:26:00,processed C:\Users\EO11\Desktop\EO11\Ransim\Scenarios\InsideCryptor-TestFiles\MOCK_DATA2.docx
2023-11-11 16:26:00,processing C:\Users\EO11\Desktop\EO11\Ransim\Scenarios\InsideCryptor-TestFiles\MOCK_DATA2.pdf
2023-11-11 16:26:00,processed C:\Users\EO11\Desktop\EO11\Ransim\Scenarios\InsideCryptor-TestFiles\MOCK_DATA2.pdf
2023-11-11 16:26:01,processing C:\Users\EO11\Desktop\EO11\Ransim\Scenarios\InsideCryptor-TestFiles\MOCK_DATA2.pptx
2023-11-11 16:26:01,processed C:\Users\EO11\Desktop\EO11\Ransim\Scenarios\InsideCryptor-TestFiles\MOCK_DATA2.pptx
2023-11-11 16:26:01,processing C:\Users\EO11\Desktop\EO11\Ransim\Scenarios\InsideCryptor-TestFiles\MOCK_DATA3.csv
2023-11-11 16:26:01,processed C:\Users\EO11\Desktop\EO11\Ransim\Scenarios\InsideCryptor-TestFiles\MOCK_DATA3.csv
2023-11-11 16:26:02,processing C:\Users\EO11\Desktop\EO11\Ransim\Scenarios\InsideCryptor-TestFiles\MOCK_DATA3.docx
2023-11-11 16:26:02,processed C:\Users\EO11\Desktop\EO11\Ransim\Scenarios\InsideCryptor-TestFiles\MOCK_DATA3.docx
2023-11-11 16:26:02,processing C:\Users\EO11\Desktop\EO11\Ransim\Scenarios\InsideCryptor-TestFiles\MOCK_DATA3.pdf
2023-11-11 16:26:02,processed C:\Users\EO11\Desktop\EO11\Ransim\Scenarios\InsideCryptor-TestFiles\MOCK_DATA3.pdf
2023-11-11 16:26:03,processing C:\Users\EO11\Desktop\EO11\Ransim\Scenarios\InsideCryptor-TestFiles\MOCK_DATA3.pptx
2023-11-11 16:26:03,processed C:\Users\EO11\Desktop\EO11\Ransim\Scenarios\InsideCryptor-TestFiles\MOCK_DATA3.pptx
2023-11-11 16:26:03,processing C:\Users\EO11\Desktop\EO11\Ransim\Scenarios\InsideCryptor-TestFiles\MOCK_DATA3.xlsx
2023-11-11 16:26:03,processed C:\Users\EO11\Desktop\EO11\Ransim\Scenarios\InsideCryptor-TestFiles\MOCK_DATA3.xlsx
2023-11-11 16:26:04,processing C:\Users\EO11\Desktop\EO11\Ransim\Scenarios\InsideCryptor-TestFiles\test1.docx
2023-11-11 16:26:04,processed C:\Users\EO11\Desktop\EO11\Ransim\Scenarios\InsideCryptor-TestFiles\test1.docx
2023-11-11 16:26:04,processing C:\Users\EO11\Desktop\EO11\Ransim\Scenarios\InsideCryptor-TestFiles\test2.docx
2023-11-11 16:26:04,processed C:\Users\EO11\Desktop\EO11\Ransim\Scenarios\InsideCryptor-TestFiles\test2.docx
2023-11-11 16:26:05,processing C:\Users\EO11\Desktop\EO11\Ransim\Scenarios\InsideCryptor-TestFiles\test3.docx
2023-11-11 16:26:05,processed C:\Users\EO11\Desktop\EO11\Ransim\Scenarios\InsideCryptor-TestFiles\test3.docx
2023-11-11 16:26:35,finished
