2018-05-24 09:05:16,starting in C:\Users\TestAdmin\Documents\RanSim\TestDirectory\Scenarios\Mover\
2018-05-24 09:05:16,Processing 29 files
2018-05-24 09:05:21,processing C:\Users\TestAdmin\Documents\RanSim\TestDirectory\Scenarios\Mover-TestFiles\c10.png
2018-05-24 09:05:21,created C:\Users\TestAdmin\Documents\RanSim\TestDirectory\Scenarios\Mover-TestFiles\EncryptedFiles\c10.png.asr
2018-05-24 09:05:22,processed C:\Users\TestAdmin\Documents\RanSim\TestDirectory\Scenarios\Mover-TestFiles\c10.png
2018-05-24 09:05:22,processing C:\Users\TestAdmin\Documents\RanSim\TestDirectory\Scenarios\Mover-TestFiles\c11.png
2018-05-24 09:05:22,created C:\Users\TestAdmin\Documents\RanSim\TestDirectory\Scenarios\Mover-TestFiles\EncryptedFiles\c11.png.asr
2018-05-24 09:05:23,processed C:\Users\TestAdmin\Documents\RanSim\TestDirectory\Scenarios\Mover-TestFiles\c11.png
2018-05-24 09:05:23,processing C:\Users\TestAdmin\Documents\RanSim\TestDirectory\Scenarios\Mover-TestFiles\c12.png
2018-05-24 09:05:23,created C:\Users\TestAdmin\Documents\RanSim\TestDirectory\Scenarios\Mover-TestFiles\EncryptedFiles\c12.png.asr
2018-05-24 09:05:23,processed C:\Users\TestAdmin\Documents\RanSim\TestDirectory\Scenarios\Mover-TestFiles\c12.png
2018-05-24 09:05:23,processing C:\Users\TestAdmin\Documents\RanSim\TestDirectory\Scenarios\Mover-TestFiles\img10.jpg
2018-05-24 09:05:23,created C:\Users\TestAdmin\Documents\RanSim\TestDirectory\Scenarios\Mover-TestFiles\EncryptedFiles\img10.jpg.asr
2018-05-24 09:05:24,processed C:\Users\TestAdmin\Documents\RanSim\TestDirectory\Scenarios\Mover-TestFiles\img10.jpg
2018-05-24 09:05:24,processing C:\Users\TestAdmin\Documents\RanSim\TestDirectory\Scenarios\Mover-TestFiles\img11.jpg
2018-05-24 09:05:24,created C:\Users\TestAdmin\Documents\RanSim\TestDirectory\Scenarios\Mover-TestFiles\EncryptedFiles\img11.jpg.asr
2018-05-24 09:05:25,processed C:\Users\TestAdmin\Documents\RanSim\TestDirectory\Scenarios\Mover-TestFiles\img11.jpg
2018-05-24 09:05:25,processing C:\Users\TestAdmin\Documents\RanSim\TestDirectory\Scenarios\Mover-TestFiles\img12.jpg
2018-05-24 09:05:25,created C:\Users\TestAdmin\Documents\RanSim\TestDirectory\Scenarios\Mover-TestFiles\EncryptedFiles\img12.jpg.asr
2018-05-24 09:05:26,processed C:\Users\TestAdmin\Documents\RanSim\TestDirectory\Scenarios\Mover-TestFiles\img12.jpg
2018-05-24 09:05:26,processing C:\Users\TestAdmin\Documents\RanSim\TestDirectory\Scenarios\Mover-TestFiles\img20.jpg
2018-05-24 09:05:26,created C:\Users\TestAdmin\Documents\RanSim\TestDirectory\Scenarios\Mover-TestFiles\EncryptedFiles\img20.jpg.asr
2018-05-24 09:05:26,processed C:\Users\TestAdmin\Documents\RanSim\TestDirectory\Scenarios\Mover-TestFiles\img20.jpg
2018-05-24 09:05:26,processing C:\Users\TestAdmin\Documents\RanSim\TestDirectory\Scenarios\Mover-TestFiles\img21.jpg
2018-05-24 09:05:26,created C:\Users\TestAdmin\Documents\RanSim\TestDirectory\Scenarios\Mover-TestFiles\EncryptedFiles\img21.jpg.asr
2018-05-24 09:05:27,processed C:\Users\TestAdmin\Documents\RanSim\TestDirectory\Scenarios\Mover-TestFiles\img21.jpg
2018-05-24 09:05:27,processing C:\Users\TestAdmin\Documents\RanSim\TestDirectory\Scenarios\Mover-TestFiles\img22.jpg
2018-05-24 09:05:27,created C:\Users\TestAdmin\Documents\RanSim\TestDirectory\Scenarios\Mover-TestFiles\EncryptedFiles\img22.jpg.asr
2018-05-24 09:05:28,processed C:\Users\TestAdmin\Documents\RanSim\TestDirectory\Scenarios\Mover-TestFiles\img22.jpg
2018-05-24 09:05:28,processing C:\Users\TestAdmin\Documents\RanSim\TestDirectory\Scenarios\Mover-TestFiles\img30.jpg
2018-05-24 09:05:28,created C:\Users\TestAdmin\Documents\RanSim\TestDirectory\Scenarios\Mover-TestFiles\EncryptedFiles\img30.jpg.asr
2018-05-24 09:05:28,processed C:\Users\TestAdmin\Documents\RanSim\TestDirectory\Scenarios\Mover-TestFiles\img30.jpg
2018-05-24 09:05:28,processing C:\Users\TestAdmin\Documents\RanSim\TestDirectory\Scenarios\Mover-TestFiles\img31.jpg
2018-05-24 09:05:28,created C:\Users\TestAdmin\Documents\RanSim\TestDirectory\Scenarios\Mover-TestFiles\EncryptedFiles\img31.jpg.asr
2018-05-24 09:05:29,processed C:\Users\TestAdmin\Documents\RanSim\TestDirectory\Scenarios\Mover-TestFiles\img31.jpg
2018-05-24 09:05:29,processing C:\Users\TestAdmin\Documents\RanSim\TestDirectory\Scenarios\Mover-TestFiles\img32.jpg
2018-05-24 09:05:29,created C:\Users\TestAdmin\Documents\RanSim\TestDirectory\Scenarios\Mover-TestFiles\EncryptedFiles\img32.jpg.asr
2018-05-24 09:05:30,processed C:\Users\TestAdmin\Documents\RanSim\TestDirectory\Scenarios\Mover-TestFiles\img32.jpg
2018-05-24 09:05:30,processing C:\Users\TestAdmin\Documents\RanSim\TestDirectory\Scenarios\Mover-TestFiles\MOCK_DATA1.csv
2018-05-24 09:05:30,created C:\Users\TestAdmin\Documents\RanSim\TestDirectory\Scenarios\Mover-TestFiles\EncryptedFiles\MOCK_DATA1.csv.asr
2018-05-24 09:05:31,processed C:\Users\TestAdmin\Documents\RanSim\TestDirectory\Scenarios\Mover-TestFiles\MOCK_DATA1.csv
2018-05-24 09:05:31,processing C:\Users\TestAdmin\Documents\RanSim\TestDirectory\Scenarios\Mover-TestFiles\MOCK_DATA1.docx
2018-05-24 09:05:31,created C:\Users\TestAdmin\Documents\RanSim\TestDirectory\Scenarios\Mover-TestFiles\EncryptedFiles\MOCK_DATA1.docx.asr
2018-05-24 09:05:31,processed C:\Users\TestAdmin\Documents\RanSim\TestDirectory\Scenarios\Mover-TestFiles\MOCK_DATA1.docx
2018-05-24 09:05:31,processing C:\Users\TestAdmin\Documents\RanSim\TestDirectory\Scenarios\Mover-TestFiles\MOCK_DATA1.pdf
2018-05-24 09:05:31,created C:\Users\TestAdmin\Documents\RanSim\TestDirectory\Scenarios\Mover-TestFiles\EncryptedFiles\MOCK_DATA1.pdf.asr
2018-05-24 09:05:32,processed C:\Users\TestAdmin\Documents\RanSim\TestDirectory\Scenarios\Mover-TestFiles\MOCK_DATA1.pdf
2018-05-24 09:05:32,processing C:\Users\TestAdmin\Documents\RanSim\TestDirectory\Scenarios\Mover-TestFiles\MOCK_DATA1.pptx
2018-05-24 09:05:32,created C:\Users\TestAdmin\Documents\RanSim\TestDirectory\Scenarios\Mover-TestFiles\EncryptedFiles\MOCK_DATA1.pptx.asr
2018-05-24 09:05:33,processed C:\Users\TestAdmin\Documents\RanSim\TestDirectory\Scenarios\Mover-TestFiles\MOCK_DATA1.pptx
2018-05-24 09:05:33,processing C:\Users\TestAdmin\Documents\RanSim\TestDirectory\Scenarios\Mover-TestFiles\MOCK_DATA1.xlsx
2018-05-24 09:05:33,created C:\Users\TestAdmin\Documents\RanSim\TestDirectory\Scenarios\Mover-TestFiles\EncryptedFiles\MOCK_DATA1.xlsx.asr
2018-05-24 09:05:34,processed C:\Users\TestAdmin\Documents\RanSim\TestDirectory\Scenarios\Mover-TestFiles\MOCK_DATA1.xlsx
2018-05-24 09:05:34,processing C:\Users\TestAdmin\Documents\RanSim\TestDirectory\Scenarios\Mover-TestFiles\MOCK_DATA2.csv
2018-05-24 09:05:34,created C:\Users\TestAdmin\Documents\RanSim\TestDirectory\Scenarios\Mover-TestFiles\EncryptedFiles\MOCK_DATA2.csv.asr
2018-05-24 09:05:34,processed C:\Users\TestAdmin\Documents\RanSim\TestDirectory\Scenarios\Mover-TestFiles\MOCK_DATA2.csv
2018-05-24 09:05:34,processing C:\Users\TestAdmin\Documents\RanSim\TestDirectory\Scenarios\Mover-TestFiles\MOCK_DATA2.docx
2018-05-24 09:05:34,created C:\Users\TestAdmin\Documents\RanSim\TestDirectory\Scenarios\Mover-TestFiles\EncryptedFiles\MOCK_DATA2.docx.asr
2018-05-24 09:05:35,processed C:\Users\TestAdmin\Documents\RanSim\TestDirectory\Scenarios\Mover-TestFiles\MOCK_DATA2.docx
2018-05-24 09:05:35,processing C:\Users\TestAdmin\Documents\RanSim\TestDirectory\Scenarios\Mover-TestFiles\MOCK_DATA2.pdf
2018-05-24 09:05:35,created C:\Users\TestAdmin\Documents\RanSim\TestDirectory\Scenarios\Mover-TestFiles\EncryptedFiles\MOCK_DATA2.pdf.asr
2018-05-24 09:05:36,processed C:\Users\TestAdmin\Documents\RanSim\TestDirectory\Scenarios\Mover-TestFiles\MOCK_DATA2.pdf
2018-05-24 09:05:36,processing C:\Users\TestAdmin\Documents\RanSim\TestDirectory\Scenarios\Mover-TestFiles\MOCK_DATA2.pptx
2018-05-24 09:05:36,created C:\Users\TestAdmin\Documents\RanSim\TestDirectory\Scenarios\Mover-TestFiles\EncryptedFiles\MOCK_DATA2.pptx.asr
2018-05-24 09:05:37,processed C:\Users\TestAdmin\Documents\RanSim\TestDirectory\Scenarios\Mover-TestFiles\MOCK_DATA2.pptx
2018-05-24 09:05:37,processing C:\Users\TestAdmin\Documents\RanSim\TestDirectory\Scenarios\Mover-TestFiles\MOCK_DATA3.csv
2018-05-24 09:05:37,created C:\Users\TestAdmin\Documents\RanSim\TestDirectory\Scenarios\Mover-TestFiles\EncryptedFiles\MOCK_DATA3.csv.asr
2018-05-24 09:05:37,processed C:\Users\TestAdmin\Documents\RanSim\TestDirectory\Scenarios\Mover-TestFiles\MOCK_DATA3.csv
2018-05-24 09:05:37,processing C:\Users\TestAdmin\Documents\RanSim\TestDirectory\Scenarios\Mover-TestFiles\MOCK_DATA3.docx
2018-05-24 09:05:37,created C:\Users\TestAdmin\Documents\RanSim\TestDirectory\Scenarios\Mover-TestFiles\EncryptedFiles\MOCK_DATA3.docx.asr
2018-05-24 09:05:38,processed C:\Users\TestAdmin\Documents\RanSim\TestDirectory\Scenarios\Mover-TestFiles\MOCK_DATA3.docx
2018-05-24 09:05:38,processing C:\Users\TestAdmin\Documents\RanSim\TestDirectory\Scenarios\Mover-TestFiles\MOCK_DATA3.pdf
2018-05-24 09:05:38,created C:\Users\TestAdmin\Documents\RanSim\TestDirectory\Scenarios\Mover-TestFiles\EncryptedFiles\MOCK_DATA3.pdf.asr
2018-05-24 09:05:39,processed C:\Users\TestAdmin\Documents\RanSim\TestDirectory\Scenarios\Mover-TestFiles\MOCK_DATA3.pdf
2018-05-24 09:05:39,processing C:\Users\TestAdmin\Documents\RanSim\TestDirectory\Scenarios\Mover-TestFiles\MOCK_DATA3.pptx
2018-05-24 09:05:39,created C:\Users\TestAdmin\Documents\RanSim\TestDirectory\Scenarios\Mover-TestFiles\EncryptedFiles\MOCK_DATA3.pptx.asr
2018-05-24 09:05:39,processed C:\Users\TestAdmin\Documents\RanSim\TestDirectory\Scenarios\Mover-TestFiles\MOCK_DATA3.pptx
2018-05-24 09:05:39,processing C:\Users\TestAdmin\Documents\RanSim\TestDirectory\Scenarios\Mover-TestFiles\MOCK_DATA3.xlsx
2018-05-24 09:05:39,created C:\Users\TestAdmin\Documents\RanSim\TestDirectory\Scenarios\Mover-TestFiles\EncryptedFiles\MOCK_DATA3.xlsx.asr
2018-05-24 09:05:40,processed C:\Users\TestAdmin\Documents\RanSim\TestDirectory\Scenarios\Mover-TestFiles\MOCK_DATA3.xlsx
2018-05-24 09:05:40,processing C:\Users\TestAdmin\Documents\RanSim\TestDirectory\Scenarios\Mover-TestFiles\test1.docx
2018-05-24 09:05:40,created C:\Users\TestAdmin\Documents\RanSim\TestDirectory\Scenarios\Mover-TestFiles\EncryptedFiles\test1.docx.asr
2018-05-24 09:05:41,processed C:\Users\TestAdmin\Documents\RanSim\TestDirectory\Scenarios\Mover-TestFiles\test1.docx
2018-05-24 09:05:41,processing C:\Users\TestAdmin\Documents\RanSim\TestDirectory\Scenarios\Mover-TestFiles\test2.docx
2018-05-24 09:05:41,created C:\Users\TestAdmin\Documents\RanSim\TestDirectory\Scenarios\Mover-TestFiles\EncryptedFiles\test2.docx.asr
2018-05-24 09:05:42,processed C:\Users\TestAdmin\Documents\RanSim\TestDirectory\Scenarios\Mover-TestFiles\test2.docx
2018-05-24 09:05:42,processing C:\Users\TestAdmin\Documents\RanSim\TestDirectory\Scenarios\Mover-TestFiles\test3.docx
2018-05-24 09:05:42,created C:\Users\TestAdmin\Documents\RanSim\TestDirectory\Scenarios\Mover-TestFiles\EncryptedFiles\test3.docx.asr
2018-05-24 09:05:42,processed C:\Users\TestAdmin\Documents\RanSim\TestDirectory\Scenarios\Mover-TestFiles\test3.docx
2018-05-24 09:06:12,finished
2023-11-10 09:38:12,starting in C:\Users\TestAdmin\Desktop\EO\Ransim\Scenarios\Mover\
2023-11-10 09:38:12,Processing 29 files
2023-11-10 09:38:17,processing C:\Users\TestAdmin\Desktop\EO\Ransim\Scenarios\Mover-TestFiles\c10.png
2023-11-10 09:38:17,created C:\Users\TestAdmin\Desktop\EO\Ransim\Scenarios\Mover-TestFiles\EncryptedFiles\c10.png.asr
2023-11-10 09:38:18,processed C:\Users\TestAdmin\Desktop\EO\Ransim\Scenarios\Mover-TestFiles\c10.png
2023-11-10 09:38:18,processing C:\Users\TestAdmin\Desktop\EO\Ransim\Scenarios\Mover-TestFiles\c11.png
2023-11-10 09:38:18,created C:\Users\TestAdmin\Desktop\EO\Ransim\Scenarios\Mover-TestFiles\EncryptedFiles\c11.png.asr
2023-11-10 09:38:19,processed C:\Users\TestAdmin\Desktop\EO\Ransim\Scenarios\Mover-TestFiles\c11.png
2023-11-10 09:38:19,processing C:\Users\TestAdmin\Desktop\EO\Ransim\Scenarios\Mover-TestFiles\c12.png
2023-11-10 09:38:19,created C:\Users\TestAdmin\Desktop\EO\Ransim\Scenarios\Mover-TestFiles\EncryptedFiles\c12.png.asr
2023-11-10 09:38:19,processed C:\Users\TestAdmin\Desktop\EO\Ransim\Scenarios\Mover-TestFiles\c12.png
2023-11-10 09:38:19,processing C:\Users\TestAdmin\Desktop\EO\Ransim\Scenarios\Mover-TestFiles\img10.jpg
2023-11-10 09:38:19,created C:\Users\TestAdmin\Desktop\EO\Ransim\Scenarios\Mover-TestFiles\EncryptedFiles\img10.jpg.asr
2023-11-10 09:38:20,processed C:\Users\TestAdmin\Desktop\EO\Ransim\Scenarios\Mover-TestFiles\img10.jpg
2023-11-10 09:38:20,processing C:\Users\TestAdmin\Desktop\EO\Ransim\Scenarios\Mover-TestFiles\img11.jpg
2023-11-10 09:38:20,created C:\Users\TestAdmin\Desktop\EO\Ransim\Scenarios\Mover-TestFiles\EncryptedFiles\img11.jpg.asr
2023-11-10 09:38:21,processed C:\Users\TestAdmin\Desktop\EO\Ransim\Scenarios\Mover-TestFiles\img11.jpg
2023-11-10 09:38:21,processing C:\Users\TestAdmin\Desktop\EO\Ransim\Scenarios\Mover-TestFiles\img12.jpg
2023-11-10 09:38:21,created C:\Users\TestAdmin\Desktop\EO\Ransim\Scenarios\Mover-TestFiles\EncryptedFiles\img12.jpg.asr
2023-11-10 09:38:21,processed C:\Users\TestAdmin\Desktop\EO\Ransim\Scenarios\Mover-TestFiles\img12.jpg
2023-11-10 09:38:21,processing C:\Users\TestAdmin\Desktop\EO\Ransim\Scenarios\Mover-TestFiles\img20.jpg
2023-11-10 09:38:21,created C:\Users\TestAdmin\Desktop\EO\Ransim\Scenarios\Mover-TestFiles\EncryptedFiles\img20.jpg.asr
2023-11-10 09:38:22,processed C:\Users\TestAdmin\Desktop\EO\Ransim\Scenarios\Mover-TestFiles\img20.jpg
2023-11-10 09:38:22,processing C:\Users\TestAdmin\Desktop\EO\Ransim\Scenarios\Mover-TestFiles\img21.jpg
2023-11-10 09:38:22,created C:\Users\TestAdmin\Desktop\EO\Ransim\Scenarios\Mover-TestFiles\EncryptedFiles\img21.jpg.asr
2023-11-10 09:38:23,processed C:\Users\TestAdmin\Desktop\EO\Ransim\Scenarios\Mover-TestFiles\img21.jpg
2023-11-10 09:38:23,processing C:\Users\TestAdmin\Desktop\EO\Ransim\Scenarios\Mover-TestFiles\img22.jpg
2023-11-10 09:38:23,created C:\Users\TestAdmin\Desktop\EO\Ransim\Scenarios\Mover-TestFiles\EncryptedFiles\img22.jpg.asr
2023-11-10 09:38:24,processed C:\Users\TestAdmin\Desktop\EO\Ransim\Scenarios\Mover-TestFiles\img22.jpg
2023-11-10 09:38:24,processing C:\Users\TestAdmin\Desktop\EO\Ransim\Scenarios\Mover-TestFiles\img30.jpg
2023-11-10 09:38:24,created C:\Users\TestAdmin\Desktop\EO\Ransim\Scenarios\Mover-TestFiles\EncryptedFiles\img30.jpg.asr
2023-11-10 09:38:24,processed C:\Users\TestAdmin\Desktop\EO\Ransim\Scenarios\Mover-TestFiles\img30.jpg
2023-11-10 09:38:24,processing C:\Users\TestAdmin\Desktop\EO\Ransim\Scenarios\Mover-TestFiles\img31.jpg
2023-11-10 09:38:24,created C:\Users\TestAdmin\Desktop\EO\Ransim\Scenarios\Mover-TestFiles\EncryptedFiles\img31.jpg.asr
2023-11-10 09:38:25,processed C:\Users\TestAdmin\Desktop\EO\Ransim\Scenarios\Mover-TestFiles\img31.jpg
2023-11-10 09:38:25,processing C:\Users\TestAdmin\Desktop\EO\Ransim\Scenarios\Mover-TestFiles\img32.jpg
2023-11-10 09:38:25,created C:\Users\TestAdmin\Desktop\EO\Ransim\Scenarios\Mover-TestFiles\EncryptedFiles\img32.jpg.asr
2023-11-10 09:38:26,processed C:\Users\TestAdmin\Desktop\EO\Ransim\Scenarios\Mover-TestFiles\img32.jpg
2023-11-10 09:38:26,processing C:\Users\TestAdmin\Desktop\EO\Ransim\Scenarios\Mover-TestFiles\MOCK_DATA1.csv
2023-11-10 09:38:26,created C:\Users\TestAdmin\Desktop\EO\Ransim\Scenarios\Mover-TestFiles\EncryptedFiles\MOCK_DATA1.csv.asr
2023-11-10 09:38:26,processed C:\Users\TestAdmin\Desktop\EO\Ransim\Scenarios\Mover-TestFiles\MOCK_DATA1.csv
2023-11-10 09:38:26,processing C:\Users\TestAdmin\Desktop\EO\Ransim\Scenarios\Mover-TestFiles\MOCK_DATA1.docx
2023-11-10 09:38:26,created C:\Users\TestAdmin\Desktop\EO\Ransim\Scenarios\Mover-TestFiles\EncryptedFiles\MOCK_DATA1.docx.asr
2023-11-10 09:38:27,processed C:\Users\TestAdmin\Desktop\EO\Ransim\Scenarios\Mover-TestFiles\MOCK_DATA1.docx
2023-11-10 09:38:27,processing C:\Users\TestAdmin\Desktop\EO\Ransim\Scenarios\Mover-TestFiles\MOCK_DATA1.pdf
2023-11-10 09:38:27,created C:\Users\TestAdmin\Desktop\EO\Ransim\Scenarios\Mover-TestFiles\EncryptedFiles\MOCK_DATA1.pdf.asr
2023-11-10 09:38:28,processed C:\Users\TestAdmin\Desktop\EO\Ransim\Scenarios\Mover-TestFiles\MOCK_DATA1.pdf
2023-11-10 09:38:28,processing C:\Users\TestAdmin\Desktop\EO\Ransim\Scenarios\Mover-TestFiles\MOCK_DATA1.pptx
2023-11-10 09:38:28,created C:\Users\TestAdmin\Desktop\EO\Ransim\Scenarios\Mover-TestFiles\EncryptedFiles\MOCK_DATA1.pptx.asr
2023-11-10 09:38:29,processed C:\Users\TestAdmin\Desktop\EO\Ransim\Scenarios\Mover-TestFiles\MOCK_DATA1.pptx
2023-11-10 09:38:29,processing C:\Users\TestAdmin\Desktop\EO\Ransim\Scenarios\Mover-TestFiles\MOCK_DATA1.xlsx
2023-11-10 09:38:29,created C:\Users\TestAdmin\Desktop\EO\Ransim\Scenarios\Mover-TestFiles\EncryptedFiles\MOCK_DATA1.xlsx.asr
2023-11-10 09:38:29,processed C:\Users\TestAdmin\Desktop\EO\Ransim\Scenarios\Mover-TestFiles\MOCK_DATA1.xlsx
2023-11-10 09:38:29,processing C:\Users\TestAdmin\Desktop\EO\Ransim\Scenarios\Mover-TestFiles\MOCK_DATA2.csv
2023-11-10 09:38:29,created C:\Users\TestAdmin\Desktop\EO\Ransim\Scenarios\Mover-TestFiles\EncryptedFiles\MOCK_DATA2.csv.asr
2023-11-10 09:38:30,processed C:\Users\TestAdmin\Desktop\EO\Ransim\Scenarios\Mover-TestFiles\MOCK_DATA2.csv
2023-11-10 09:38:30,processing C:\Users\TestAdmin\Desktop\EO\Ransim\Scenarios\Mover-TestFiles\MOCK_DATA2.docx
2023-11-10 09:38:30,created C:\Users\TestAdmin\Desktop\EO\Ransim\Scenarios\Mover-TestFiles\EncryptedFiles\MOCK_DATA2.docx.asr
2023-11-10 09:38:31,processed C:\Users\TestAdmin\Desktop\EO\Ransim\Scenarios\Mover-TestFiles\MOCK_DATA2.docx
2023-11-10 09:38:31,processing C:\Users\TestAdmin\Desktop\EO\Ransim\Scenarios\Mover-TestFiles\MOCK_DATA2.pdf
2023-11-10 09:38:31,created C:\Users\TestAdmin\Desktop\EO\Ransim\Scenarios\Mover-TestFiles\EncryptedFiles\MOCK_DATA2.pdf.asr
2023-11-10 09:38:32,processed C:\Users\TestAdmin\Desktop\EO\Ransim\Scenarios\Mover-TestFiles\MOCK_DATA2.pdf
2023-11-10 09:38:32,processing C:\Users\TestAdmin\Desktop\EO\Ransim\Scenarios\Mover-TestFiles\MOCK_DATA2.pptx
2023-11-10 09:38:32,created C:\Users\TestAdmin\Desktop\EO\Ransim\Scenarios\Mover-TestFiles\EncryptedFiles\MOCK_DATA2.pptx.asr
2023-11-10 09:38:32,processed C:\Users\TestAdmin\Desktop\EO\Ransim\Scenarios\Mover-TestFiles\MOCK_DATA2.pptx
2023-11-10 09:38:32,processing C:\Users\TestAdmin\Desktop\EO\Ransim\Scenarios\Mover-TestFiles\MOCK_DATA3.csv
2023-11-10 09:38:32,created C:\Users\TestAdmin\Desktop\EO\Ransim\Scenarios\Mover-TestFiles\EncryptedFiles\MOCK_DATA3.csv.asr
2023-11-10 09:38:33,processed C:\Users\TestAdmin\Desktop\EO\Ransim\Scenarios\Mover-TestFiles\MOCK_DATA3.csv
2023-11-10 09:38:33,processing C:\Users\TestAdmin\Desktop\EO\Ransim\Scenarios\Mover-TestFiles\MOCK_DATA3.docx
2023-11-10 09:38:33,created C:\Users\TestAdmin\Desktop\EO\Ransim\Scenarios\Mover-TestFiles\EncryptedFiles\MOCK_DATA3.docx.asr
2023-11-10 09:38:34,processed C:\Users\TestAdmin\Desktop\EO\Ransim\Scenarios\Mover-TestFiles\MOCK_DATA3.docx
2023-11-10 09:38:34,processing C:\Users\TestAdmin\Desktop\EO\Ransim\Scenarios\Mover-TestFiles\MOCK_DATA3.pdf
2023-11-10 09:38:34,created C:\Users\TestAdmin\Desktop\EO\Ransim\Scenarios\Mover-TestFiles\EncryptedFiles\MOCK_DATA3.pdf.asr
2023-11-10 09:38:34,processed C:\Users\TestAdmin\Desktop\EO\Ransim\Scenarios\Mover-TestFiles\MOCK_DATA3.pdf
2023-11-10 09:38:34,processing C:\Users\TestAdmin\Desktop\EO\Ransim\Scenarios\Mover-TestFiles\MOCK_DATA3.pptx
2023-11-10 09:38:34,created C:\Users\TestAdmin\Desktop\EO\Ransim\Scenarios\Mover-TestFiles\EncryptedFiles\MOCK_DATA3.pptx.asr
2023-11-10 09:38:35,processed C:\Users\TestAdmin\Desktop\EO\Ransim\Scenarios\Mover-TestFiles\MOCK_DATA3.pptx
2023-11-10 09:38:35,processing C:\Users\TestAdmin\Desktop\EO\Ransim\Scenarios\Mover-TestFiles\MOCK_DATA3.xlsx
2023-11-10 09:38:35,created C:\Users\TestAdmin\Desktop\EO\Ransim\Scenarios\Mover-TestFiles\EncryptedFiles\MOCK_DATA3.xlsx.asr
2023-11-10 09:38:36,processed C:\Users\TestAdmin\Desktop\EO\Ransim\Scenarios\Mover-TestFiles\MOCK_DATA3.xlsx
2023-11-10 09:38:36,processing C:\Users\TestAdmin\Desktop\EO\Ransim\Scenarios\Mover-TestFiles\test1.docx
2023-11-10 09:38:36,created C:\Users\TestAdmin\Desktop\EO\Ransim\Scenarios\Mover-TestFiles\EncryptedFiles\test1.docx.asr
2023-11-10 09:38:37,processed C:\Users\TestAdmin\Desktop\EO\Ransim\Scenarios\Mover-TestFiles\test1.docx
2023-11-10 09:38:37,processing C:\Users\TestAdmin\Desktop\EO\Ransim\Scenarios\Mover-TestFiles\test2.docx
2023-11-10 09:38:37,created C:\Users\TestAdmin\Desktop\EO\Ransim\Scenarios\Mover-TestFiles\EncryptedFiles\test2.docx.asr
2023-11-10 09:38:37,processed C:\Users\TestAdmin\Desktop\EO\Ransim\Scenarios\Mover-TestFiles\test2.docx
2023-11-10 09:38:37,processing C:\Users\TestAdmin\Desktop\EO\Ransim\Scenarios\Mover-TestFiles\test3.docx
2023-11-10 09:38:37,created C:\Users\TestAdmin\Desktop\EO\Ransim\Scenarios\Mover-TestFiles\EncryptedFiles\test3.docx.asr
2023-11-10 09:38:38,processed C:\Users\TestAdmin\Desktop\EO\Ransim\Scenarios\Mover-TestFiles\test3.docx
2023-11-10 09:39:08,finished
2023-11-10 16:14:07,starting in C:\Users\TestAdmin\Desktop\EO\Ransim\Scenarios\Mover\
2023-11-10 16:14:07,Processing 29 files
2023-11-10 16:14:12,processing C:\Users\TestAdmin\Desktop\EO\Ransim\Scenarios\Mover-TestFiles\c10.png
2023-11-10 16:14:12,created C:\Users\TestAdmin\Desktop\EO\Ransim\Scenarios\Mover-TestFiles\EncryptedFiles\c10.png.asr
2023-11-10 16:14:13,processed C:\Users\TestAdmin\Desktop\EO\Ransim\Scenarios\Mover-TestFiles\c10.png
2023-11-10 16:14:13,processing C:\Users\TestAdmin\Desktop\EO\Ransim\Scenarios\Mover-TestFiles\c11.png
2023-11-10 16:14:13,created C:\Users\TestAdmin\Desktop\EO\Ransim\Scenarios\Mover-TestFiles\EncryptedFiles\c11.png.asr
2023-11-10 16:14:14,processed C:\Users\TestAdmin\Desktop\EO\Ransim\Scenarios\Mover-TestFiles\c11.png
2023-11-10 16:14:14,processing C:\Users\TestAdmin\Desktop\EO\Ransim\Scenarios\Mover-TestFiles\c12.png
2023-11-10 16:14:14,created C:\Users\TestAdmin\Desktop\EO\Ransim\Scenarios\Mover-TestFiles\EncryptedFiles\c12.png.asr
2023-11-10 16:14:15,processed C:\Users\TestAdmin\Desktop\EO\Ransim\Scenarios\Mover-TestFiles\c12.png
2023-11-10 16:14:15,processing C:\Users\TestAdmin\Desktop\EO\Ransim\Scenarios\Mover-TestFiles\img10.jpg
2023-11-10 16:14:15,created C:\Users\TestAdmin\Desktop\EO\Ransim\Scenarios\Mover-TestFiles\EncryptedFiles\img10.jpg.asr
2023-11-10 16:14:16,processed C:\Users\TestAdmin\Desktop\EO\Ransim\Scenarios\Mover-TestFiles\img10.jpg
2023-11-10 16:14:16,processing C:\Users\TestAdmin\Desktop\EO\Ransim\Scenarios\Mover-TestFiles\img11.jpg
2023-11-10 16:14:17,created C:\Users\TestAdmin\Desktop\EO\Ransim\Scenarios\Mover-TestFiles\EncryptedFiles\img11.jpg.asr
2023-11-10 16:14:18,processed C:\Users\TestAdmin\Desktop\EO\Ransim\Scenarios\Mover-TestFiles\img11.jpg
2023-11-10 16:14:18,processing C:\Users\TestAdmin\Desktop\EO\Ransim\Scenarios\Mover-TestFiles\img12.jpg
2023-11-10 16:14:18,created C:\Users\TestAdmin\Desktop\EO\Ransim\Scenarios\Mover-TestFiles\EncryptedFiles\img12.jpg.asr
2023-11-10 16:14:19,processed C:\Users\TestAdmin\Desktop\EO\Ransim\Scenarios\Mover-TestFiles\img12.jpg
2023-11-10 16:14:19,processing C:\Users\TestAdmin\Desktop\EO\Ransim\Scenarios\Mover-TestFiles\img20.jpg
2023-11-10 16:14:20,created C:\Users\TestAdmin\Desktop\EO\Ransim\Scenarios\Mover-TestFiles\EncryptedFiles\img20.jpg.asr
2023-11-10 16:14:21,processed C:\Users\TestAdmin\Desktop\EO\Ransim\Scenarios\Mover-TestFiles\img20.jpg
2023-11-10 16:14:21,processing C:\Users\TestAdmin\Desktop\EO\Ransim\Scenarios\Mover-TestFiles\img21.jpg
2023-11-10 16:14:21,created C:\Users\TestAdmin\Desktop\EO\Ransim\Scenarios\Mover-TestFiles\EncryptedFiles\img21.jpg.asr
2023-11-10 16:14:22,processed C:\Users\TestAdmin\Desktop\EO\Ransim\Scenarios\Mover-TestFiles\img21.jpg
2023-11-10 16:14:22,processing C:\Users\TestAdmin\Desktop\EO\Ransim\Scenarios\Mover-TestFiles\img22.jpg
2023-11-10 16:14:22,created C:\Users\TestAdmin\Desktop\EO\Ransim\Scenarios\Mover-TestFiles\EncryptedFiles\img22.jpg.asr
2023-11-10 16:14:23,processed C:\Users\TestAdmin\Desktop\EO\Ransim\Scenarios\Mover-TestFiles\img22.jpg
2023-11-10 16:14:23,processing C:\Users\TestAdmin\Desktop\EO\Ransim\Scenarios\Mover-TestFiles\img30.jpg
2023-11-10 16:14:23,created C:\Users\TestAdmin\Desktop\EO\Ransim\Scenarios\Mover-TestFiles\EncryptedFiles\img30.jpg.asr
2023-11-10 16:14:24,processed C:\Users\TestAdmin\Desktop\EO\Ransim\Scenarios\Mover-TestFiles\img30.jpg
2023-11-10 16:14:24,processing C:\Users\TestAdmin\Desktop\EO\Ransim\Scenarios\Mover-TestFiles\img31.jpg
2023-11-10 16:14:25,created C:\Users\TestAdmin\Desktop\EO\Ransim\Scenarios\Mover-TestFiles\EncryptedFiles\img31.jpg.asr
2023-11-10 16:14:26,processed C:\Users\TestAdmin\Desktop\EO\Ransim\Scenarios\Mover-TestFiles\img31.jpg
2023-11-10 16:14:26,processing C:\Users\TestAdmin\Desktop\EO\Ransim\Scenarios\Mover-TestFiles\img32.jpg
2023-11-10 16:14:26,created C:\Users\TestAdmin\Desktop\EO\Ransim\Scenarios\Mover-TestFiles\EncryptedFiles\img32.jpg.asr
2023-11-10 16:14:27,processed C:\Users\TestAdmin\Desktop\EO\Ransim\Scenarios\Mover-TestFiles\img32.jpg
2023-11-10 16:14:27,processing C:\Users\TestAdmin\Desktop\EO\Ransim\Scenarios\Mover-TestFiles\MOCK_DATA1.csv
2023-11-10 16:14:27,created C:\Users\TestAdmin\Desktop\EO\Ransim\Scenarios\Mover-TestFiles\EncryptedFiles\MOCK_DATA1.csv.asr
2023-11-10 16:14:28,processed C:\Users\TestAdmin\Desktop\EO\Ransim\Scenarios\Mover-TestFiles\MOCK_DATA1.csv
2023-11-10 16:14:28,processing C:\Users\TestAdmin\Desktop\EO\Ransim\Scenarios\Mover-TestFiles\MOCK_DATA1.docx
2023-11-10 16:14:28,created C:\Users\TestAdmin\Desktop\EO\Ransim\Scenarios\Mover-TestFiles\EncryptedFiles\MOCK_DATA1.docx.asr
2023-11-10 16:14:29,processed C:\Users\TestAdmin\Desktop\EO\Ransim\Scenarios\Mover-TestFiles\MOCK_DATA1.docx
2023-11-10 16:14:29,processing C:\Users\TestAdmin\Desktop\EO\Ransim\Scenarios\Mover-TestFiles\MOCK_DATA1.pdf
2023-11-10 16:14:29,created C:\Users\TestAdmin\Desktop\EO\Ransim\Scenarios\Mover-TestFiles\EncryptedFiles\MOCK_DATA1.pdf.asr
2023-11-10 16:14:30,processed C:\Users\TestAdmin\Desktop\EO\Ransim\Scenarios\Mover-TestFiles\MOCK_DATA1.pdf
2023-11-10 16:14:30,processing C:\Users\TestAdmin\Desktop\EO\Ransim\Scenarios\Mover-TestFiles\MOCK_DATA1.pptx
2023-11-10 16:14:31,created C:\Users\TestAdmin\Desktop\EO\Ransim\Scenarios\Mover-TestFiles\EncryptedFiles\MOCK_DATA1.pptx.asr
2023-11-10 16:14:32,processed C:\Users\TestAdmin\Desktop\EO\Ransim\Scenarios\Mover-TestFiles\MOCK_DATA1.pptx
2023-11-10 16:14:32,processing C:\Users\TestAdmin\Desktop\EO\Ransim\Scenarios\Mover-TestFiles\MOCK_DATA1.xlsx
2023-11-10 16:14:32,created C:\Users\TestAdmin\Desktop\EO\Ransim\Scenarios\Mover-TestFiles\EncryptedFiles\MOCK_DATA1.xlsx.asr
2023-11-10 16:14:33,processed C:\Users\TestAdmin\Desktop\EO\Ransim\Scenarios\Mover-TestFiles\MOCK_DATA1.xlsx
2023-11-10 16:14:33,processing C:\Users\TestAdmin\Desktop\EO\Ransim\Scenarios\Mover-TestFiles\MOCK_DATA2.csv
2023-11-10 16:14:33,created C:\Users\TestAdmin\Desktop\EO\Ransim\Scenarios\Mover-TestFiles\EncryptedFiles\MOCK_DATA2.csv.asr
2023-11-10 16:14:34,processed C:\Users\TestAdmin\Desktop\EO\Ransim\Scenarios\Mover-TestFiles\MOCK_DATA2.csv
2023-11-10 16:14:34,processing C:\Users\TestAdmin\Desktop\EO\Ransim\Scenarios\Mover-TestFiles\MOCK_DATA2.docx
2023-11-10 16:14:34,created C:\Users\TestAdmin\Desktop\EO\Ransim\Scenarios\Mover-TestFiles\EncryptedFiles\MOCK_DATA2.docx.asr
2023-11-10 16:14:35,processed C:\Users\TestAdmin\Desktop\EO\Ransim\Scenarios\Mover-TestFiles\MOCK_DATA2.docx
2023-11-10 16:14:35,processing C:\Users\TestAdmin\Desktop\EO\Ransim\Scenarios\Mover-TestFiles\MOCK_DATA2.pdf
2023-11-10 16:14:35,created C:\Users\TestAdmin\Desktop\EO\Ransim\Scenarios\Mover-TestFiles\EncryptedFiles\MOCK_DATA2.pdf.asr
2023-11-10 16:14:36,processed C:\Users\TestAdmin\Desktop\EO\Ransim\Scenarios\Mover-TestFiles\MOCK_DATA2.pdf
2023-11-10 16:14:36,processing C:\Users\TestAdmin\Desktop\EO\Ransim\Scenarios\Mover-TestFiles\MOCK_DATA2.pptx
2023-11-10 16:14:36,created C:\Users\TestAdmin\Desktop\EO\Ransim\Scenarios\Mover-TestFiles\EncryptedFiles\MOCK_DATA2.pptx.asr
2023-11-10 16:14:37,processed C:\Users\TestAdmin\Desktop\EO\Ransim\Scenarios\Mover-TestFiles\MOCK_DATA2.pptx
2023-11-10 16:14:37,processing C:\Users\TestAdmin\Desktop\EO\Ransim\Scenarios\Mover-TestFiles\MOCK_DATA3.csv
2023-11-10 16:14:37,created C:\Users\TestAdmin\Desktop\EO\Ransim\Scenarios\Mover-TestFiles\EncryptedFiles\MOCK_DATA3.csv.asr
2023-11-10 16:14:38,processed C:\Users\TestAdmin\Desktop\EO\Ransim\Scenarios\Mover-TestFiles\MOCK_DATA3.csv
2023-11-10 16:14:38,processing C:\Users\TestAdmin\Desktop\EO\Ransim\Scenarios\Mover-TestFiles\MOCK_DATA3.docx
2023-11-10 16:14:38,created C:\Users\TestAdmin\Desktop\EO\Ransim\Scenarios\Mover-TestFiles\EncryptedFiles\MOCK_DATA3.docx.asr
2023-11-10 16:14:39,processed C:\Users\TestAdmin\Desktop\EO\Ransim\Scenarios\Mover-TestFiles\MOCK_DATA3.docx
2023-11-10 16:14:39,processing C:\Users\TestAdmin\Desktop\EO\Ransim\Scenarios\Mover-TestFiles\MOCK_DATA3.pdf
2023-11-10 16:14:39,created C:\Users\TestAdmin\Desktop\EO\Ransim\Scenarios\Mover-TestFiles\EncryptedFiles\MOCK_DATA3.pdf.asr
2023-11-10 16:14:40,processed C:\Users\TestAdmin\Desktop\EO\Ransim\Scenarios\Mover-TestFiles\MOCK_DATA3.pdf
2023-11-10 16:14:40,processing C:\Users\TestAdmin\Desktop\EO\Ransim\Scenarios\Mover-TestFiles\MOCK_DATA3.pptx
2023-11-10 16:14:41,created C:\Users\TestAdmin\Desktop\EO\Ransim\Scenarios\Mover-TestFiles\EncryptedFiles\MOCK_DATA3.pptx.asr
2023-11-10 16:14:42,processed C:\Users\TestAdmin\Desktop\EO\Ransim\Scenarios\Mover-TestFiles\MOCK_DATA3.pptx
2023-11-10 16:14:42,processing C:\Users\TestAdmin\Desktop\EO\Ransim\Scenarios\Mover-TestFiles\MOCK_DATA3.xlsx
2023-11-10 16:14:42,created C:\Users\TestAdmin\Desktop\EO\Ransim\Scenarios\Mover-TestFiles\EncryptedFiles\MOCK_DATA3.xlsx.asr
2023-11-10 16:14:43,processed C:\Users\TestAdmin\Desktop\EO\Ransim\Scenarios\Mover-TestFiles\MOCK_DATA3.xlsx
2023-11-10 16:14:43,processing C:\Users\TestAdmin\Desktop\EO\Ransim\Scenarios\Mover-TestFiles\test1.docx
2023-11-10 16:14:43,created C:\Users\TestAdmin\Desktop\EO\Ransim\Scenarios\Mover-TestFiles\EncryptedFiles\test1.docx.asr
2023-11-10 16:14:44,processed C:\Users\TestAdmin\Desktop\EO\Ransim\Scenarios\Mover-TestFiles\test1.docx
2023-11-10 16:14:44,processing C:\Users\TestAdmin\Desktop\EO\Ransim\Scenarios\Mover-TestFiles\test2.docx
2023-11-10 16:14:45,created C:\Users\TestAdmin\Desktop\EO\Ransim\Scenarios\Mover-TestFiles\EncryptedFiles\test2.docx.asr
2023-11-10 16:14:45,processed C:\Users\TestAdmin\Desktop\EO\Ransim\Scenarios\Mover-TestFiles\test2.docx
2023-11-10 16:14:45,processing C:\Users\TestAdmin\Desktop\EO\Ransim\Scenarios\Mover-TestFiles\test3.docx
2023-11-10 16:14:46,created C:\Users\TestAdmin\Desktop\EO\Ransim\Scenarios\Mover-TestFiles\EncryptedFiles\test3.docx.asr
2023-11-10 16:14:47,processed C:\Users\TestAdmin\Desktop\EO\Ransim\Scenarios\Mover-TestFiles\test3.docx
2023-11-10 16:15:17,finished
2023-11-11 16:26:53,starting in C:\Users\EO11\Desktop\EO11\Ransim\Scenarios\Mover\
2023-11-11 16:26:53,Processing 29 files
2023-11-11 16:26:58,processing C:\Users\EO11\Desktop\EO11\Ransim\Scenarios\Mover-TestFiles\c10.png
2023-11-11 16:26:58,created C:\Users\EO11\Desktop\EO11\Ransim\Scenarios\Mover-TestFiles\EncryptedFiles\c10.png.asr
2023-11-11 16:26:59,processed C:\Users\EO11\Desktop\EO11\Ransim\Scenarios\Mover-TestFiles\c10.png
2023-11-11 16:26:59,processing C:\Users\EO11\Desktop\EO11\Ransim\Scenarios\Mover-TestFiles\c11.png
2023-11-11 16:26:59,created C:\Users\EO11\Desktop\EO11\Ransim\Scenarios\Mover-TestFiles\EncryptedFiles\c11.png.asr
2023-11-11 16:27:00,processed C:\Users\EO11\Desktop\EO11\Ransim\Scenarios\Mover-TestFiles\c11.png
2023-11-11 16:27:00,processing C:\Users\EO11\Desktop\EO11\Ransim\Scenarios\Mover-TestFiles\c12.png
2023-11-11 16:27:00,created C:\Users\EO11\Desktop\EO11\Ransim\Scenarios\Mover-TestFiles\EncryptedFiles\c12.png.asr
2023-11-11 16:27:01,processed C:\Users\EO11\Desktop\EO11\Ransim\Scenarios\Mover-TestFiles\c12.png
2023-11-11 16:27:01,processing C:\Users\EO11\Desktop\EO11\Ransim\Scenarios\Mover-TestFiles\img10.jpg
2023-11-11 16:27:01,created C:\Users\EO11\Desktop\EO11\Ransim\Scenarios\Mover-TestFiles\EncryptedFiles\img10.jpg.asr
2023-11-11 16:27:02,processed C:\Users\EO11\Desktop\EO11\Ransim\Scenarios\Mover-TestFiles\img10.jpg
2023-11-11 16:27:02,processing C:\Users\EO11\Desktop\EO11\Ransim\Scenarios\Mover-TestFiles\img11.jpg
2023-11-11 16:27:02,created C:\Users\EO11\Desktop\EO11\Ransim\Scenarios\Mover-TestFiles\EncryptedFiles\img11.jpg.asr
2023-11-11 16:27:02,processed C:\Users\EO11\Desktop\EO11\Ransim\Scenarios\Mover-TestFiles\img11.jpg
2023-11-11 16:27:02,processing C:\Users\EO11\Desktop\EO11\Ransim\Scenarios\Mover-TestFiles\img12.jpg
2023-11-11 16:27:02,created C:\Users\EO11\Desktop\EO11\Ransim\Scenarios\Mover-TestFiles\EncryptedFiles\img12.jpg.asr
2023-11-11 16:27:03,processed C:\Users\EO11\Desktop\EO11\Ransim\Scenarios\Mover-TestFiles\img12.jpg
2023-11-11 16:27:03,processing C:\Users\EO11\Desktop\EO11\Ransim\Scenarios\Mover-TestFiles\img20.jpg
2023-11-11 16:27:03,created C:\Users\EO11\Desktop\EO11\Ransim\Scenarios\Mover-TestFiles\EncryptedFiles\img20.jpg.asr
2023-11-11 16:27:04,processed C:\Users\EO11\Desktop\EO11\Ransim\Scenarios\Mover-TestFiles\img20.jpg
2023-11-11 16:27:04,processing C:\Users\EO11\Desktop\EO11\Ransim\Scenarios\Mover-TestFiles\img21.jpg
2023-11-11 16:27:04,created C:\Users\EO11\Desktop\EO11\Ransim\Scenarios\Mover-TestFiles\EncryptedFiles\img21.jpg.asr
2023-11-11 16:27:04,processed C:\Users\EO11\Desktop\EO11\Ransim\Scenarios\Mover-TestFiles\img21.jpg
2023-11-11 16:27:04,processing C:\Users\EO11\Desktop\EO11\Ransim\Scenarios\Mover-TestFiles\img22.jpg
2023-11-11 16:27:04,created C:\Users\EO11\Desktop\EO11\Ransim\Scenarios\Mover-TestFiles\EncryptedFiles\img22.jpg.asr
2023-11-11 16:27:05,processed C:\Users\EO11\Desktop\EO11\Ransim\Scenarios\Mover-TestFiles\img22.jpg
2023-11-11 16:27:05,processing C:\Users\EO11\Desktop\EO11\Ransim\Scenarios\Mover-TestFiles\img30.jpg
2023-11-11 16:27:05,created C:\Users\EO11\Desktop\EO11\Ransim\Scenarios\Mover-TestFiles\EncryptedFiles\img30.jpg.asr
2023-11-11 16:27:06,processed C:\Users\EO11\Desktop\EO11\Ransim\Scenarios\Mover-TestFiles\img30.jpg
2023-11-11 16:27:06,processing C:\Users\EO11\Desktop\EO11\Ransim\Scenarios\Mover-TestFiles\img31.jpg
2023-11-11 16:27:06,created C:\Users\EO11\Desktop\EO11\Ransim\Scenarios\Mover-TestFiles\EncryptedFiles\img31.jpg.asr
2023-11-11 16:27:07,processed C:\Users\EO11\Desktop\EO11\Ransim\Scenarios\Mover-TestFiles\img31.jpg
2023-11-11 16:27:07,processing C:\Users\EO11\Desktop\EO11\Ransim\Scenarios\Mover-TestFiles\img32.jpg
2023-11-11 16:27:07,created C:\Users\EO11\Desktop\EO11\Ransim\Scenarios\Mover-TestFiles\EncryptedFiles\img32.jpg.asr
2023-11-11 16:27:07,processed C:\Users\EO11\Desktop\EO11\Ransim\Scenarios\Mover-TestFiles\img32.jpg
2023-11-11 16:27:07,processing C:\Users\EO11\Desktop\EO11\Ransim\Scenarios\Mover-TestFiles\MOCK_DATA1.csv
2023-11-11 16:27:07,created C:\Users\EO11\Desktop\EO11\Ransim\Scenarios\Mover-TestFiles\EncryptedFiles\MOCK_DATA1.csv.asr
2023-11-11 16:27:08,processed C:\Users\EO11\Desktop\EO11\Ransim\Scenarios\Mover-TestFiles\MOCK_DATA1.csv
2023-11-11 16:27:08,processing C:\Users\EO11\Desktop\EO11\Ransim\Scenarios\Mover-TestFiles\MOCK_DATA1.docx
2023-11-11 16:27:08,created C:\Users\EO11\Desktop\EO11\Ransim\Scenarios\Mover-TestFiles\EncryptedFiles\MOCK_DATA1.docx.asr
2023-11-11 16:27:09,processed C:\Users\EO11\Desktop\EO11\Ransim\Scenarios\Mover-TestFiles\MOCK_DATA1.docx
2023-11-11 16:27:09,processing C:\Users\EO11\Desktop\EO11\Ransim\Scenarios\Mover-TestFiles\MOCK_DATA1.pdf
2023-11-11 16:27:09,created C:\Users\EO11\Desktop\EO11\Ransim\Scenarios\Mover-TestFiles\EncryptedFiles\MOCK_DATA1.pdf.asr
2023-11-11 16:27:10,processed C:\Users\EO11\Desktop\EO11\Ransim\Scenarios\Mover-TestFiles\MOCK_DATA1.pdf
2023-11-11 16:27:10,processing C:\Users\EO11\Desktop\EO11\Ransim\Scenarios\Mover-TestFiles\MOCK_DATA1.pptx
2023-11-11 16:27:10,created C:\Users\EO11\Desktop\EO11\Ransim\Scenarios\Mover-TestFiles\EncryptedFiles\MOCK_DATA1.pptx.asr
2023-11-11 16:27:10,processed C:\Users\EO11\Desktop\EO11\Ransim\Scenarios\Mover-TestFiles\MOCK_DATA1.pptx
2023-11-11 16:27:10,processing C:\Users\EO11\Desktop\EO11\Ransim\Scenarios\Mover-TestFiles\MOCK_DATA1.xlsx
2023-11-11 16:27:10,created C:\Users\EO11\Desktop\EO11\Ransim\Scenarios\Mover-TestFiles\EncryptedFiles\MOCK_DATA1.xlsx.asr
2023-11-11 16:27:11,processed C:\Users\EO11\Desktop\EO11\Ransim\Scenarios\Mover-TestFiles\MOCK_DATA1.xlsx
2023-11-11 16:27:11,processing C:\Users\EO11\Desktop\EO11\Ransim\Scenarios\Mover-TestFiles\MOCK_DATA2.csv
2023-11-11 16:27:11,created C:\Users\EO11\Desktop\EO11\Ransim\Scenarios\Mover-TestFiles\EncryptedFiles\MOCK_DATA2.csv.asr
2023-11-11 16:27:12,processed C:\Users\EO11\Desktop\EO11\Ransim\Scenarios\Mover-TestFiles\MOCK_DATA2.csv
2023-11-11 16:27:12,processing C:\Users\EO11\Desktop\EO11\Ransim\Scenarios\Mover-TestFiles\MOCK_DATA2.docx
2023-11-11 16:27:12,created C:\Users\EO11\Desktop\EO11\Ransim\Scenarios\Mover-TestFiles\EncryptedFiles\MOCK_DATA2.docx.asr
2023-11-11 16:27:12,processed C:\Users\EO11\Desktop\EO11\Ransim\Scenarios\Mover-TestFiles\MOCK_DATA2.docx
2023-11-11 16:27:12,processing C:\Users\EO11\Desktop\EO11\Ransim\Scenarios\Mover-TestFiles\MOCK_DATA2.pdf
2023-11-11 16:27:13,created C:\Users\EO11\Desktop\EO11\Ransim\Scenarios\Mover-TestFiles\EncryptedFiles\MOCK_DATA2.pdf.asr
2023-11-11 16:27:13,processed C:\Users\EO11\Desktop\EO11\Ransim\Scenarios\Mover-TestFiles\MOCK_DATA2.pdf
2023-11-11 16:27:13,processing C:\Users\EO11\Desktop\EO11\Ransim\Scenarios\Mover-TestFiles\MOCK_DATA2.pptx
2023-11-11 16:27:13,created C:\Users\EO11\Desktop\EO11\Ransim\Scenarios\Mover-TestFiles\EncryptedFiles\MOCK_DATA2.pptx.asr
2023-11-11 16:27:14,processed C:\Users\EO11\Desktop\EO11\Ransim\Scenarios\Mover-TestFiles\MOCK_DATA2.pptx
2023-11-11 16:27:14,processing C:\Users\EO11\Desktop\EO11\Ransim\Scenarios\Mover-TestFiles\MOCK_DATA3.csv
2023-11-11 16:27:14,created C:\Users\EO11\Desktop\EO11\Ransim\Scenarios\Mover-TestFiles\EncryptedFiles\MOCK_DATA3.csv.asr
2023-11-11 16:27:15,processed C:\Users\EO11\Desktop\EO11\Ransim\Scenarios\Mover-TestFiles\MOCK_DATA3.csv
2023-11-11 16:27:15,processing C:\Users\EO11\Desktop\EO11\Ransim\Scenarios\Mover-TestFiles\MOCK_DATA3.docx
2023-11-11 16:27:15,created C:\Users\EO11\Desktop\EO11\Ransim\Scenarios\Mover-TestFiles\EncryptedFiles\MOCK_DATA3.docx.asr
2023-11-11 16:27:15,processed C:\Users\EO11\Desktop\EO11\Ransim\Scenarios\Mover-TestFiles\MOCK_DATA3.docx
2023-11-11 16:27:15,processing C:\Users\EO11\Desktop\EO11\Ransim\Scenarios\Mover-TestFiles\MOCK_DATA3.pdf
2023-11-11 16:27:15,created C:\Users\EO11\Desktop\EO11\Ransim\Scenarios\Mover-TestFiles\EncryptedFiles\MOCK_DATA3.pdf.asr
2023-11-11 16:27:16,processed C:\Users\EO11\Desktop\EO11\Ransim\Scenarios\Mover-TestFiles\MOCK_DATA3.pdf
2023-11-11 16:27:16,processing C:\Users\EO11\Desktop\EO11\Ransim\Scenarios\Mover-TestFiles\MOCK_DATA3.pptx
2023-11-11 16:27:16,created C:\Users\EO11\Desktop\EO11\Ransim\Scenarios\Mover-TestFiles\EncryptedFiles\MOCK_DATA3.pptx.asr
2023-11-11 16:27:17,processed C:\Users\EO11\Desktop\EO11\Ransim\Scenarios\Mover-TestFiles\MOCK_DATA3.pptx
2023-11-11 16:27:17,processing C:\Users\EO11\Desktop\EO11\Ransim\Scenarios\Mover-TestFiles\MOCK_DATA3.xlsx
2023-11-11 16:27:17,created C:\Users\EO11\Desktop\EO11\Ransim\Scenarios\Mover-TestFiles\EncryptedFiles\MOCK_DATA3.xlsx.asr
2023-11-11 16:27:18,processed C:\Users\EO11\Desktop\EO11\Ransim\Scenarios\Mover-TestFiles\MOCK_DATA3.xlsx
2023-11-11 16:27:18,processing C:\Users\EO11\Desktop\EO11\Ransim\Scenarios\Mover-TestFiles\test1.docx
2023-11-11 16:27:18,created C:\Users\EO11\Desktop\EO11\Ransim\Scenarios\Mover-TestFiles\EncryptedFiles\test1.docx.asr
2023-11-11 16:27:19,processed C:\Users\EO11\Desktop\EO11\Ransim\Scenarios\Mover-TestFiles\test1.docx
2023-11-11 16:27:19,processing C:\Users\EO11\Desktop\EO11\Ransim\Scenarios\Mover-TestFiles\test2.docx
2023-11-11 16:27:19,created C:\Users\EO11\Desktop\EO11\Ransim\Scenarios\Mover-TestFiles\EncryptedFiles\test2.docx.asr
2023-11-11 16:27:19,processed C:\Users\EO11\Desktop\EO11\Ransim\Scenarios\Mover-TestFiles\test2.docx
2023-11-11 16:27:19,processing C:\Users\EO11\Desktop\EO11\Ransim\Scenarios\Mover-TestFiles\test3.docx
2023-11-11 16:27:19,created C:\Users\EO11\Desktop\EO11\Ransim\Scenarios\Mover-TestFiles\EncryptedFiles\test3.docx.asr
2023-11-11 16:27:20,processed C:\Users\EO11\Desktop\EO11\Ransim\Scenarios\Mover-TestFiles\test3.docx
2023-11-11 16:27:50,finished
2023-11-12 09:10:15,starting in C:\Users\EO11\Desktop\EO11\Ransim\Scenarios\Mover\
2023-11-12 09:10:15,Processing 29 files
2023-11-12 09:10:20,processing C:\Users\EO11\Desktop\EO11\Ransim\Scenarios\Mover-TestFiles\c10.png
2023-11-12 09:10:20,created C:\Users\EO11\Desktop\EO11\Ransim\Scenarios\Mover-TestFiles\EncryptedFiles\c10.png.asr
2023-11-12 09:10:21,processed C:\Users\EO11\Desktop\EO11\Ransim\Scenarios\Mover-TestFiles\c10.png
2023-11-12 09:10:21,processing C:\Users\EO11\Desktop\EO11\Ransim\Scenarios\Mover-TestFiles\c11.png
2023-11-12 09:10:21,created C:\Users\EO11\Desktop\EO11\Ransim\Scenarios\Mover-TestFiles\EncryptedFiles\c11.png.asr
2023-11-12 09:10:21,Error processing file:C:\Users\EO11\Desktop\EO11\Ransim\Scenarios\Mover-TestFiles\c11.png - The process cannot access the file 'C:\Users\EO11\Desktop\EO11\Ransim\Scenarios\Mover-TestFiles\c11.png' because it is being used by another process.
2023-11-12 09:10:21,The process cannot access the file 'C:\Users\EO11\Desktop\EO11\Ransim\Scenarios\Mover-TestFiles\c11.png' because it is being used by another process.
   at 
 .
 .
﻿(String p1)
   at 
 .
 .	
()
2023-11-12 09:38:59,starting in C:\Users\EO11\Desktop\EO11\Ransim\Scenarios\Mover\
2023-11-12 09:38:59,Processing 29 files
2023-11-12 09:39:04,processing C:\Users\EO11\Desktop\EO11\Ransim\Scenarios\Mover-TestFiles\c10.png
2023-11-12 09:39:04,created C:\Users\EO11\Desktop\EO11\Ransim\Scenarios\Mover-TestFiles\EncryptedFiles\c10.png.asr
2023-11-12 09:39:04,Error processing file:C:\Users\EO11\Desktop\EO11\Ransim\Scenarios\Mover-TestFiles\c10.png - The process cannot access the file 'C:\Users\EO11\Desktop\EO11\Ransim\Scenarios\Mover-TestFiles\c10.png' because it is being used by another process.
2023-11-12 09:39:04,The process cannot access the file 'C:\Users\EO11\Desktop\EO11\Ransim\Scenarios\Mover-TestFiles\c10.png' because it is being used by another process.
   at 
 .
 .
﻿(String p1)
   at 
 .
 .	
()
2023-11-12 09:46:21,starting in C:\Users\EO11\Desktop\EO11\Ransim\Scenarios\Mover\
2023-11-12 09:46:21,Processing 29 files
2023-11-12 09:46:26,processing C:\Users\EO11\Desktop\EO11\Ransim\Scenarios\Mover-TestFiles\c10.png
2023-11-12 09:46:26,created C:\Users\EO11\Desktop\EO11\Ransim\Scenarios\Mover-TestFiles\EncryptedFiles\c10.png.asr
2023-11-12 09:46:26,Error processing file:C:\Users\EO11\Desktop\EO11\Ransim\Scenarios\Mover-TestFiles\c10.png - The process cannot access the file 'C:\Users\EO11\Desktop\EO11\Ransim\Scenarios\Mover-TestFiles\c10.png' because it is being used by another process.
2023-11-12 09:46:26,The process cannot access the file 'C:\Users\EO11\Desktop\EO11\Ransim\Scenarios\Mover-TestFiles\c10.png' because it is being used by another process.
   at 
 .
 .
﻿(String p1)
   at 
 .
 .	
()
2023-11-12 09:47:07,starting in C:\Users\EO11\Desktop\EO11\Ransim\Scenarios\Mover\
2023-11-12 09:47:07,Processing 29 files
2023-11-12 09:47:12,processing C:\Users\EO11\Desktop\EO11\Ransim\Scenarios\Mover-TestFiles\c10.png
2023-11-12 09:47:12,created C:\Users\EO11\Desktop\EO11\Ransim\Scenarios\Mover-TestFiles\EncryptedFiles\c10.png.asr
2023-11-12 09:47:12,processed C:\Users\EO11\Desktop\EO11\Ransim\Scenarios\Mover-TestFiles\c10.png
2023-11-12 09:47:12,processing C:\Users\EO11\Desktop\EO11\Ransim\Scenarios\Mover-TestFiles\c11.png
2023-11-12 09:47:12,created C:\Users\EO11\Desktop\EO11\Ransim\Scenarios\Mover-TestFiles\EncryptedFiles\c11.png.asr
2023-11-12 09:47:13,processed C:\Users\EO11\Desktop\EO11\Ransim\Scenarios\Mover-TestFiles\c11.png
2023-11-12 09:47:13,processing C:\Users\EO11\Desktop\EO11\Ransim\Scenarios\Mover-TestFiles\c12.png
2023-11-12 09:47:13,created C:\Users\EO11\Desktop\EO11\Ransim\Scenarios\Mover-TestFiles\EncryptedFiles\c12.png.asr
2023-11-12 09:47:14,processed C:\Users\EO11\Desktop\EO11\Ransim\Scenarios\Mover-TestFiles\c12.png
2023-11-12 09:47:14,processing C:\Users\EO11\Desktop\EO11\Ransim\Scenarios\Mover-TestFiles\img10.jpg
2023-11-12 09:47:14,created C:\Users\EO11\Desktop\EO11\Ransim\Scenarios\Mover-TestFiles\EncryptedFiles\img10.jpg.asr
2023-11-12 09:47:15,processed C:\Users\EO11\Desktop\EO11\Ransim\Scenarios\Mover-TestFiles\img10.jpg
2023-11-12 09:47:15,processing C:\Users\EO11\Desktop\EO11\Ransim\Scenarios\Mover-TestFiles\img11.jpg
2023-11-12 09:47:15,created C:\Users\EO11\Desktop\EO11\Ransim\Scenarios\Mover-TestFiles\EncryptedFiles\img11.jpg.asr
2023-11-12 09:47:15,processed C:\Users\EO11\Desktop\EO11\Ransim\Scenarios\Mover-TestFiles\img11.jpg
2023-11-12 09:47:15,processing C:\Users\EO11\Desktop\EO11\Ransim\Scenarios\Mover-TestFiles\img12.jpg
2023-11-12 09:47:15,created C:\Users\EO11\Desktop\EO11\Ransim\Scenarios\Mover-TestFiles\EncryptedFiles\img12.jpg.asr
2023-11-12 09:47:16,processed C:\Users\EO11\Desktop\EO11\Ransim\Scenarios\Mover-TestFiles\img12.jpg
2023-11-12 09:47:16,processing C:\Users\EO11\Desktop\EO11\Ransim\Scenarios\Mover-TestFiles\img20.jpg
2023-11-12 09:47:16,created C:\Users\EO11\Desktop\EO11\Ransim\Scenarios\Mover-TestFiles\EncryptedFiles\img20.jpg.asr
2023-11-12 09:47:17,processed C:\Users\EO11\Desktop\EO11\Ransim\Scenarios\Mover-TestFiles\img20.jpg
2023-11-12 09:47:17,processing C:\Users\EO11\Desktop\EO11\Ransim\Scenarios\Mover-TestFiles\img21.jpg
2023-11-12 09:47:17,created C:\Users\EO11\Desktop\EO11\Ransim\Scenarios\Mover-TestFiles\EncryptedFiles\img21.jpg.asr
2023-11-12 09:47:17,processed C:\Users\EO11\Desktop\EO11\Ransim\Scenarios\Mover-TestFiles\img21.jpg
2023-11-12 09:47:17,processing C:\Users\EO11\Desktop\EO11\Ransim\Scenarios\Mover-TestFiles\img22.jpg
2023-11-12 09:47:17,created C:\Users\EO11\Desktop\EO11\Ransim\Scenarios\Mover-TestFiles\EncryptedFiles\img22.jpg.asr
2023-11-12 09:47:18,processed C:\Users\EO11\Desktop\EO11\Ransim\Scenarios\Mover-TestFiles\img22.jpg
2023-11-12 09:47:18,processing C:\Users\EO11\Desktop\EO11\Ransim\Scenarios\Mover-TestFiles\img30.jpg
2023-11-12 09:47:18,created C:\Users\EO11\Desktop\EO11\Ransim\Scenarios\Mover-TestFiles\EncryptedFiles\img30.jpg.asr
2023-11-12 09:47:19,processed C:\Users\EO11\Desktop\EO11\Ransim\Scenarios\Mover-TestFiles\img30.jpg
2023-11-12 09:47:19,processing C:\Users\EO11\Desktop\EO11\Ransim\Scenarios\Mover-TestFiles\img31.jpg
2023-11-12 09:47:19,created C:\Users\EO11\Desktop\EO11\Ransim\Scenarios\Mover-TestFiles\EncryptedFiles\img31.jpg.asr
2023-11-12 09:47:20,processed C:\Users\EO11\Desktop\EO11\Ransim\Scenarios\Mover-TestFiles\img31.jpg
2023-11-12 09:47:20,processing C:\Users\EO11\Desktop\EO11\Ransim\Scenarios\Mover-TestFiles\img32.jpg
2023-11-12 09:47:20,created C:\Users\EO11\Desktop\EO11\Ransim\Scenarios\Mover-TestFiles\EncryptedFiles\img32.jpg.asr
2023-11-12 09:47:20,processed C:\Users\EO11\Desktop\EO11\Ransim\Scenarios\Mover-TestFiles\img32.jpg
2023-11-12 09:47:20,processing C:\Users\EO11\Desktop\EO11\Ransim\Scenarios\Mover-TestFiles\MOCK_DATA1.csv
2023-11-12 09:47:20,created C:\Users\EO11\Desktop\EO11\Ransim\Scenarios\Mover-TestFiles\EncryptedFiles\MOCK_DATA1.csv.asr
2023-11-12 09:47:21,processed C:\Users\EO11\Desktop\EO11\Ransim\Scenarios\Mover-TestFiles\MOCK_DATA1.csv
2023-11-12 09:47:21,processing C:\Users\EO11\Desktop\EO11\Ransim\Scenarios\Mover-TestFiles\MOCK_DATA1.docx
2023-11-12 09:47:21,created C:\Users\EO11\Desktop\EO11\Ransim\Scenarios\Mover-TestFiles\EncryptedFiles\MOCK_DATA1.docx.asr
2023-11-12 09:47:22,processed C:\Users\EO11\Desktop\EO11\Ransim\Scenarios\Mover-TestFiles\MOCK_DATA1.docx
2023-11-12 09:47:22,processing C:\Users\EO11\Desktop\EO11\Ransim\Scenarios\Mover-TestFiles\MOCK_DATA1.pdf
2023-11-12 09:47:22,created C:\Users\EO11\Desktop\EO11\Ransim\Scenarios\Mover-TestFiles\EncryptedFiles\MOCK_DATA1.pdf.asr
2023-11-12 09:47:22,processed C:\Users\EO11\Desktop\EO11\Ransim\Scenarios\Mover-TestFiles\MOCK_DATA1.pdf
2023-11-12 09:47:22,processing C:\Users\EO11\Desktop\EO11\Ransim\Scenarios\Mover-TestFiles\MOCK_DATA1.pptx
2023-11-12 09:47:22,created C:\Users\EO11\Desktop\EO11\Ransim\Scenarios\Mover-TestFiles\EncryptedFiles\MOCK_DATA1.pptx.asr
2023-11-12 09:47:23,processed C:\Users\EO11\Desktop\EO11\Ransim\Scenarios\Mover-TestFiles\MOCK_DATA1.pptx
2023-11-12 09:47:23,processing C:\Users\EO11\Desktop\EO11\Ransim\Scenarios\Mover-TestFiles\MOCK_DATA1.xlsx
2023-11-12 09:47:23,created C:\Users\EO11\Desktop\EO11\Ransim\Scenarios\Mover-TestFiles\EncryptedFiles\MOCK_DATA1.xlsx.asr
2023-11-12 09:47:24,processed C:\Users\EO11\Desktop\EO11\Ransim\Scenarios\Mover-TestFiles\MOCK_DATA1.xlsx
2023-11-12 09:47:24,processing C:\Users\EO11\Desktop\EO11\Ransim\Scenarios\Mover-TestFiles\MOCK_DATA2.csv
2023-11-12 09:47:24,created C:\Users\EO11\Desktop\EO11\Ransim\Scenarios\Mover-TestFiles\EncryptedFiles\MOCK_DATA2.csv.asr
2023-11-12 09:47:25,processed C:\Users\EO11\Desktop\EO11\Ransim\Scenarios\Mover-TestFiles\MOCK_DATA2.csv
2023-11-12 09:47:25,processing C:\Users\EO11\Desktop\EO11\Ransim\Scenarios\Mover-TestFiles\MOCK_DATA2.docx
2023-11-12 09:47:25,created C:\Users\EO11\Desktop\EO11\Ransim\Scenarios\Mover-TestFiles\EncryptedFiles\MOCK_DATA2.docx.asr
2023-11-12 09:47:25,processed C:\Users\EO11\Desktop\EO11\Ransim\Scenarios\Mover-TestFiles\MOCK_DATA2.docx
2023-11-12 09:47:25,processing C:\Users\EO11\Desktop\EO11\Ransim\Scenarios\Mover-TestFiles\MOCK_DATA2.pdf
2023-11-12 09:47:25,created C:\Users\EO11\Desktop\EO11\Ransim\Scenarios\Mover-TestFiles\EncryptedFiles\MOCK_DATA2.pdf.asr
2023-11-12 09:47:26,processed C:\Users\EO11\Desktop\EO11\Ransim\Scenarios\Mover-TestFiles\MOCK_DATA2.pdf
2023-11-12 09:47:26,processing C:\Users\EO11\Desktop\EO11\Ransim\Scenarios\Mover-TestFiles\MOCK_DATA2.pptx
2023-11-12 09:47:26,created C:\Users\EO11\Desktop\EO11\Ransim\Scenarios\Mover-TestFiles\EncryptedFiles\MOCK_DATA2.pptx.asr
2023-11-12 09:47:27,processed C:\Users\EO11\Desktop\EO11\Ransim\Scenarios\Mover-TestFiles\MOCK_DATA2.pptx
2023-11-12 09:47:27,processing C:\Users\EO11\Desktop\EO11\Ransim\Scenarios\Mover-TestFiles\MOCK_DATA3.csv
2023-11-12 09:47:27,created C:\Users\EO11\Desktop\EO11\Ransim\Scenarios\Mover-TestFiles\EncryptedFiles\MOCK_DATA3.csv.asr
2023-11-12 09:47:28,processed C:\Users\EO11\Desktop\EO11\Ransim\Scenarios\Mover-TestFiles\MOCK_DATA3.csv
2023-11-12 09:47:28,processing C:\Users\EO11\Desktop\EO11\Ransim\Scenarios\Mover-TestFiles\MOCK_DATA3.docx
2023-11-12 09:47:28,created C:\Users\EO11\Desktop\EO11\Ransim\Scenarios\Mover-TestFiles\EncryptedFiles\MOCK_DATA3.docx.asr
2023-11-12 09:47:28,processed C:\Users\EO11\Desktop\EO11\Ransim\Scenarios\Mover-TestFiles\MOCK_DATA3.docx
2023-11-12 09:47:28,processing C:\Users\EO11\Desktop\EO11\Ransim\Scenarios\Mover-TestFiles\MOCK_DATA3.pdf
2023-11-12 09:47:28,created C:\Users\EO11\Desktop\EO11\Ransim\Scenarios\Mover-TestFiles\EncryptedFiles\MOCK_DATA3.pdf.asr
2023-11-12 09:47:29,processed C:\Users\EO11\Desktop\EO11\Ransim\Scenarios\Mover-TestFiles\MOCK_DATA3.pdf
2023-11-12 09:47:29,processing C:\Users\EO11\Desktop\EO11\Ransim\Scenarios\Mover-TestFiles\MOCK_DATA3.pptx
2023-11-12 09:47:29,created C:\Users\EO11\Desktop\EO11\Ransim\Scenarios\Mover-TestFiles\EncryptedFiles\MOCK_DATA3.pptx.asr
2023-11-12 09:47:30,processed C:\Users\EO11\Desktop\EO11\Ransim\Scenarios\Mover-TestFiles\MOCK_DATA3.pptx
2023-11-12 09:47:30,processing C:\Users\EO11\Desktop\EO11\Ransim\Scenarios\Mover-TestFiles\MOCK_DATA3.xlsx
2023-11-12 09:47:30,created C:\Users\EO11\Desktop\EO11\Ransim\Scenarios\Mover-TestFiles\EncryptedFiles\MOCK_DATA3.xlsx.asr
2023-11-12 09:47:31,processed C:\Users\EO11\Desktop\EO11\Ransim\Scenarios\Mover-TestFiles\MOCK_DATA3.xlsx
2023-11-12 09:47:31,processing C:\Users\EO11\Desktop\EO11\Ransim\Scenarios\Mover-TestFiles\test1.docx
2023-11-12 09:47:31,created C:\Users\EO11\Desktop\EO11\Ransim\Scenarios\Mover-TestFiles\EncryptedFiles\test1.docx.asr
2023-11-12 09:47:31,processed C:\Users\EO11\Desktop\EO11\Ransim\Scenarios\Mover-TestFiles\test1.docx
2023-11-12 09:47:31,processing C:\Users\EO11\Desktop\EO11\Ransim\Scenarios\Mover-TestFiles\test2.docx
2023-11-12 09:47:31,created C:\Users\EO11\Desktop\EO11\Ransim\Scenarios\Mover-TestFiles\EncryptedFiles\test2.docx.asr
2023-11-12 09:47:32,processed C:\Users\EO11\Desktop\EO11\Ransim\Scenarios\Mover-TestFiles\test2.docx
2023-11-12 09:47:32,processing C:\Users\EO11\Desktop\EO11\Ransim\Scenarios\Mover-TestFiles\test3.docx
2023-11-12 09:47:32,created C:\Users\EO11\Desktop\EO11\Ransim\Scenarios\Mover-TestFiles\EncryptedFiles\test3.docx.asr
2023-11-12 09:47:33,processed C:\Users\EO11\Desktop\EO11\Ransim\Scenarios\Mover-TestFiles\test3.docx
2023-11-12 09:48:03,finished
