2018-05-24 09:05:14,Processing 29 files
2018-05-24 09:05:19,processed C:\Users\TestAdmin\Documents\RanSim\TestDirectory\Scenarios\WeakCryptor-TestFiles\c10.png
2018-05-24 09:05:20,processed C:\Users\TestAdmin\Documents\RanSim\TestDirectory\Scenarios\WeakCryptor-TestFiles\c11.png
2018-05-24 09:05:20,processed C:\Users\TestAdmin\Documents\RanSim\TestDirectory\Scenarios\WeakCryptor-TestFiles\c12.png
2018-05-24 09:05:21,processed C:\Users\TestAdmin\Documents\RanSim\TestDirectory\Scenarios\WeakCryptor-TestFiles\img10.jpg
2018-05-24 09:05:21,processed C:\Users\TestAdmin\Documents\RanSim\TestDirectory\Scenarios\WeakCryptor-TestFiles\img11.jpg
2018-05-24 09:05:22,processed C:\Users\TestAdmin\Documents\RanSim\TestDirectory\Scenarios\WeakCryptor-TestFiles\img12.jpg
2018-05-24 09:05:22,processed C:\Users\TestAdmin\Documents\RanSim\TestDirectory\Scenarios\WeakCryptor-TestFiles\img20.jpg
2018-05-24 09:05:23,processed C:\Users\TestAdmin\Documents\RanSim\TestDirectory\Scenarios\WeakCryptor-TestFiles\img21.jpg
2018-05-24 09:05:23,processed C:\Users\TestAdmin\Documents\RanSim\TestDirectory\Scenarios\WeakCryptor-TestFiles\img22.jpg
2018-05-24 09:05:24,processed C:\Users\TestAdmin\Documents\RanSim\TestDirectory\Scenarios\WeakCryptor-TestFiles\img30.jpg
2018-05-24 09:05:24,processed C:\Users\TestAdmin\Documents\RanSim\TestDirectory\Scenarios\WeakCryptor-TestFiles\img31.jpg
2018-05-24 09:05:25,processed C:\Users\TestAdmin\Documents\RanSim\TestDirectory\Scenarios\WeakCryptor-TestFiles\img32.jpg
2018-05-24 09:05:25,processed C:\Users\TestAdmin\Documents\RanSim\TestDirectory\Scenarios\WeakCryptor-TestFiles\MOCK_DATA1.csv
2018-05-24 09:05:26,processed C:\Users\TestAdmin\Documents\RanSim\TestDirectory\Scenarios\WeakCryptor-TestFiles\MOCK_DATA1.docx
2018-05-24 09:05:26,processed C:\Users\TestAdmin\Documents\RanSim\TestDirectory\Scenarios\WeakCryptor-TestFiles\MOCK_DATA1.pdf
2018-05-24 09:05:27,processed C:\Users\TestAdmin\Documents\RanSim\TestDirectory\Scenarios\WeakCryptor-TestFiles\MOCK_DATA1.pptx
2018-05-24 09:05:27,processed C:\Users\TestAdmin\Documents\RanSim\TestDirectory\Scenarios\WeakCryptor-TestFiles\MOCK_DATA1.xlsx
2018-05-24 09:05:28,processed C:\Users\TestAdmin\Documents\RanSim\TestDirectory\Scenarios\WeakCryptor-TestFiles\MOCK_DATA2.csv
2018-05-24 09:05:28,processed C:\Users\TestAdmin\Documents\RanSim\TestDirectory\Scenarios\WeakCryptor-TestFiles\MOCK_DATA2.docx
2018-05-24 09:05:29,processed C:\Users\TestAdmin\Documents\RanSim\TestDirectory\Scenarios\WeakCryptor-TestFiles\MOCK_DATA2.pdf
2018-05-24 09:05:29,processed C:\Users\TestAdmin\Documents\RanSim\TestDirectory\Scenarios\WeakCryptor-TestFiles\MOCK_DATA2.pptx
2018-05-24 09:05:30,processed C:\Users\TestAdmin\Documents\RanSim\TestDirectory\Scenarios\WeakCryptor-TestFiles\MOCK_DATA3.csv
2018-05-24 09:05:30,processed C:\Users\TestAdmin\Documents\RanSim\TestDirectory\Scenarios\WeakCryptor-TestFiles\MOCK_DATA3.docx
2018-05-24 09:05:31,processed C:\Users\TestAdmin\Documents\RanSim\TestDirectory\Scenarios\WeakCryptor-TestFiles\MOCK_DATA3.pdf
2018-05-24 09:05:32,processed C:\Users\TestAdmin\Documents\RanSim\TestDirectory\Scenarios\WeakCryptor-TestFiles\MOCK_DATA3.pptx
2018-05-24 09:05:32,processed C:\Users\TestAdmin\Documents\RanSim\TestDirectory\Scenarios\WeakCryptor-TestFiles\MOCK_DATA3.xlsx
2018-05-24 09:05:33,processed C:\Users\TestAdmin\Documents\RanSim\TestDirectory\Scenarios\WeakCryptor-TestFiles\test1.docx
2018-05-24 09:05:33,processed C:\Users\TestAdmin\Documents\RanSim\TestDirectory\Scenarios\WeakCryptor-TestFiles\test2.docx
2018-05-24 09:05:34,processed C:\Users\TestAdmin\Documents\RanSim\TestDirectory\Scenarios\WeakCryptor-TestFiles\test3.docx
2018-05-24 09:06:04,finished
2023-11-10 09:43:06,Processing 29 files
2023-11-10 09:43:11,processed C:\Users\TestAdmin\Desktop\EO\Ransim\Scenarios\WeakCryptor-TestFiles\c10.png
2023-11-10 09:43:11,processed C:\Users\TestAdmin\Desktop\EO\Ransim\Scenarios\WeakCryptor-TestFiles\c11.png
2023-11-10 09:43:12,processed C:\Users\TestAdmin\Desktop\EO\Ransim\Scenarios\WeakCryptor-TestFiles\c12.png
2023-11-10 09:43:12,processed C:\Users\TestAdmin\Desktop\EO\Ransim\Scenarios\WeakCryptor-TestFiles\img10.jpg
2023-11-10 09:43:13,processed C:\Users\TestAdmin\Desktop\EO\Ransim\Scenarios\WeakCryptor-TestFiles\img11.jpg
2023-11-10 09:43:13,processed C:\Users\TestAdmin\Desktop\EO\Ransim\Scenarios\WeakCryptor-TestFiles\img12.jpg
2023-11-10 09:43:14,processed C:\Users\TestAdmin\Desktop\EO\Ransim\Scenarios\WeakCryptor-TestFiles\img20.jpg
2023-11-10 09:43:14,processed C:\Users\TestAdmin\Desktop\EO\Ransim\Scenarios\WeakCryptor-TestFiles\img21.jpg
2023-11-10 09:43:15,processed C:\Users\TestAdmin\Desktop\EO\Ransim\Scenarios\WeakCryptor-TestFiles\img22.jpg
2023-11-10 09:43:15,processed C:\Users\TestAdmin\Desktop\EO\Ransim\Scenarios\WeakCryptor-TestFiles\img30.jpg
2023-11-10 09:43:16,processed C:\Users\TestAdmin\Desktop\EO\Ransim\Scenarios\WeakCryptor-TestFiles\img31.jpg
2023-11-10 09:43:16,processed C:\Users\TestAdmin\Desktop\EO\Ransim\Scenarios\WeakCryptor-TestFiles\img32.jpg
2023-11-10 09:43:17,processed C:\Users\TestAdmin\Desktop\EO\Ransim\Scenarios\WeakCryptor-TestFiles\MOCK_DATA1.csv
2023-11-10 09:43:18,processed C:\Users\TestAdmin\Desktop\EO\Ransim\Scenarios\WeakCryptor-TestFiles\MOCK_DATA1.docx
2023-11-10 09:43:18,processed C:\Users\TestAdmin\Desktop\EO\Ransim\Scenarios\WeakCryptor-TestFiles\MOCK_DATA1.pdf
2023-11-10 09:43:19,processed C:\Users\TestAdmin\Desktop\EO\Ransim\Scenarios\WeakCryptor-TestFiles\MOCK_DATA1.pptx
2023-11-10 09:43:19,processed C:\Users\TestAdmin\Desktop\EO\Ransim\Scenarios\WeakCryptor-TestFiles\MOCK_DATA1.xlsx
2023-11-10 09:43:20,processed C:\Users\TestAdmin\Desktop\EO\Ransim\Scenarios\WeakCryptor-TestFiles\MOCK_DATA2.csv
2023-11-10 09:43:20,processed C:\Users\TestAdmin\Desktop\EO\Ransim\Scenarios\WeakCryptor-TestFiles\MOCK_DATA2.docx
2023-11-10 09:43:21,processed C:\Users\TestAdmin\Desktop\EO\Ransim\Scenarios\WeakCryptor-TestFiles\MOCK_DATA2.pdf
2023-11-10 09:43:21,processed C:\Users\TestAdmin\Desktop\EO\Ransim\Scenarios\WeakCryptor-TestFiles\MOCK_DATA2.pptx
2023-11-10 09:43:22,processed C:\Users\TestAdmin\Desktop\EO\Ransim\Scenarios\WeakCryptor-TestFiles\MOCK_DATA3.csv
2023-11-10 09:43:22,processed C:\Users\TestAdmin\Desktop\EO\Ransim\Scenarios\WeakCryptor-TestFiles\MOCK_DATA3.docx
2023-11-10 09:43:23,processed C:\Users\TestAdmin\Desktop\EO\Ransim\Scenarios\WeakCryptor-TestFiles\MOCK_DATA3.pdf
2023-11-10 09:43:23,processed C:\Users\TestAdmin\Desktop\EO\Ransim\Scenarios\WeakCryptor-TestFiles\MOCK_DATA3.pptx
2023-11-10 09:43:24,processed C:\Users\TestAdmin\Desktop\EO\Ransim\Scenarios\WeakCryptor-TestFiles\MOCK_DATA3.xlsx
2023-11-10 09:43:25,processed C:\Users\TestAdmin\Desktop\EO\Ransim\Scenarios\WeakCryptor-TestFiles\test1.docx
2023-11-10 09:43:25,processed C:\Users\TestAdmin\Desktop\EO\Ransim\Scenarios\WeakCryptor-TestFiles\test2.docx
2023-11-10 09:43:26,processed C:\Users\TestAdmin\Desktop\EO\Ransim\Scenarios\WeakCryptor-TestFiles\test3.docx
2023-11-10 09:43:56,finished
2023-11-10 16:32:34,Processing 29 files
2023-11-10 16:32:39,processed C:\Users\TestAdmin\Desktop\EO\Ransim\Scenarios\WeakCryptor-TestFiles\c10.png
2023-11-10 16:32:40,processed C:\Users\TestAdmin\Desktop\EO\Ransim\Scenarios\WeakCryptor-TestFiles\c11.png
2023-11-10 16:32:40,processed C:\Users\TestAdmin\Desktop\EO\Ransim\Scenarios\WeakCryptor-TestFiles\c12.png
2023-11-10 16:32:41,processed C:\Users\TestAdmin\Desktop\EO\Ransim\Scenarios\WeakCryptor-TestFiles\img10.jpg
2023-11-10 16:32:42,processed C:\Users\TestAdmin\Desktop\EO\Ransim\Scenarios\WeakCryptor-TestFiles\img11.jpg
2023-11-10 16:32:43,processed C:\Users\TestAdmin\Desktop\EO\Ransim\Scenarios\WeakCryptor-TestFiles\img12.jpg
2023-11-10 16:32:44,processed C:\Users\TestAdmin\Desktop\EO\Ransim\Scenarios\WeakCryptor-TestFiles\img20.jpg
2023-11-10 16:32:45,processed C:\Users\TestAdmin\Desktop\EO\Ransim\Scenarios\WeakCryptor-TestFiles\img21.jpg
2023-11-10 16:32:45,processed C:\Users\TestAdmin\Desktop\EO\Ransim\Scenarios\WeakCryptor-TestFiles\img22.jpg
2023-11-10 16:32:47,processed C:\Users\TestAdmin\Desktop\EO\Ransim\Scenarios\WeakCryptor-TestFiles\img30.jpg
2023-11-10 16:32:47,processed C:\Users\TestAdmin\Desktop\EO\Ransim\Scenarios\WeakCryptor-TestFiles\img31.jpg
2023-11-10 16:32:48,processed C:\Users\TestAdmin\Desktop\EO\Ransim\Scenarios\WeakCryptor-TestFiles\img32.jpg
2023-11-10 16:32:49,processed C:\Users\TestAdmin\Desktop\EO\Ransim\Scenarios\WeakCryptor-TestFiles\MOCK_DATA1.csv
2023-11-10 16:32:50,processed C:\Users\TestAdmin\Desktop\EO\Ransim\Scenarios\WeakCryptor-TestFiles\MOCK_DATA1.docx
2023-11-10 16:32:51,processed C:\Users\TestAdmin\Desktop\EO\Ransim\Scenarios\WeakCryptor-TestFiles\MOCK_DATA1.pdf
2023-11-10 16:32:53,processed C:\Users\TestAdmin\Desktop\EO\Ransim\Scenarios\WeakCryptor-TestFiles\MOCK_DATA1.pptx
2023-11-10 16:32:53,processed C:\Users\TestAdmin\Desktop\EO\Ransim\Scenarios\WeakCryptor-TestFiles\MOCK_DATA1.xlsx
2023-11-10 16:32:54,processed C:\Users\TestAdmin\Desktop\EO\Ransim\Scenarios\WeakCryptor-TestFiles\MOCK_DATA2.csv
2023-11-10 16:32:55,processed C:\Users\TestAdmin\Desktop\EO\Ransim\Scenarios\WeakCryptor-TestFiles\MOCK_DATA2.docx
2023-11-10 16:32:56,processed C:\Users\TestAdmin\Desktop\EO\Ransim\Scenarios\WeakCryptor-TestFiles\MOCK_DATA2.pdf
2023-11-10 16:32:57,processed C:\Users\TestAdmin\Desktop\EO\Ransim\Scenarios\WeakCryptor-TestFiles\MOCK_DATA2.pptx
2023-11-10 16:32:58,processed C:\Users\TestAdmin\Desktop\EO\Ransim\Scenarios\WeakCryptor-TestFiles\MOCK_DATA3.csv
2023-11-10 16:32:59,processed C:\Users\TestAdmin\Desktop\EO\Ransim\Scenarios\WeakCryptor-TestFiles\MOCK_DATA3.docx
2023-11-10 16:33:00,processed C:\Users\TestAdmin\Desktop\EO\Ransim\Scenarios\WeakCryptor-TestFiles\MOCK_DATA3.pdf
2023-11-10 16:33:01,processed C:\Users\TestAdmin\Desktop\EO\Ransim\Scenarios\WeakCryptor-TestFiles\MOCK_DATA3.pptx
2023-11-10 16:33:02,processed C:\Users\TestAdmin\Desktop\EO\Ransim\Scenarios\WeakCryptor-TestFiles\MOCK_DATA3.xlsx
2023-11-10 16:33:03,processed C:\Users\TestAdmin\Desktop\EO\Ransim\Scenarios\WeakCryptor-TestFiles\test1.docx
2023-11-10 16:33:04,processed C:\Users\TestAdmin\Desktop\EO\Ransim\Scenarios\WeakCryptor-TestFiles\test2.docx
2023-11-10 16:33:04,processed C:\Users\TestAdmin\Desktop\EO\Ransim\Scenarios\WeakCryptor-TestFiles\test3.docx
2023-11-10 16:33:35,finished
2023-11-11 16:33:00,Processing 29 files
2023-11-11 16:33:05,processed C:\Users\EO11\Desktop\EO11\Ransim\Scenarios\WeakCryptor-TestFiles\c10.png
2023-11-11 16:33:06,processed C:\Users\EO11\Desktop\EO11\Ransim\Scenarios\WeakCryptor-TestFiles\c11.png
2023-11-11 16:33:06,processed C:\Users\EO11\Desktop\EO11\Ransim\Scenarios\WeakCryptor-TestFiles\c12.png
2023-11-11 16:33:07,processed C:\Users\EO11\Desktop\EO11\Ransim\Scenarios\WeakCryptor-TestFiles\img10.jpg
2023-11-11 16:33:07,processed C:\Users\EO11\Desktop\EO11\Ransim\Scenarios\WeakCryptor-TestFiles\img11.jpg
2023-11-11 16:33:08,processed C:\Users\EO11\Desktop\EO11\Ransim\Scenarios\WeakCryptor-TestFiles\img12.jpg
2023-11-11 16:33:08,processed C:\Users\EO11\Desktop\EO11\Ransim\Scenarios\WeakCryptor-TestFiles\img20.jpg
2023-11-11 16:33:09,processed C:\Users\EO11\Desktop\EO11\Ransim\Scenarios\WeakCryptor-TestFiles\img21.jpg
2023-11-11 16:33:09,processed C:\Users\EO11\Desktop\EO11\Ransim\Scenarios\WeakCryptor-TestFiles\img22.jpg
2023-11-11 16:33:10,processed C:\Users\EO11\Desktop\EO11\Ransim\Scenarios\WeakCryptor-TestFiles\img30.jpg
2023-11-11 16:33:10,processed C:\Users\EO11\Desktop\EO11\Ransim\Scenarios\WeakCryptor-TestFiles\img31.jpg
2023-11-11 16:33:11,processed C:\Users\EO11\Desktop\EO11\Ransim\Scenarios\WeakCryptor-TestFiles\img32.jpg
2023-11-11 16:33:11,processed C:\Users\EO11\Desktop\EO11\Ransim\Scenarios\WeakCryptor-TestFiles\MOCK_DATA1.csv
2023-11-11 16:33:12,processed C:\Users\EO11\Desktop\EO11\Ransim\Scenarios\WeakCryptor-TestFiles\MOCK_DATA1.docx
2023-11-11 16:33:12,processed C:\Users\EO11\Desktop\EO11\Ransim\Scenarios\WeakCryptor-TestFiles\MOCK_DATA1.pdf
2023-11-11 16:33:13,processed C:\Users\EO11\Desktop\EO11\Ransim\Scenarios\WeakCryptor-TestFiles\MOCK_DATA1.pptx
2023-11-11 16:33:13,processed C:\Users\EO11\Desktop\EO11\Ransim\Scenarios\WeakCryptor-TestFiles\MOCK_DATA1.xlsx
2023-11-11 16:33:14,processed C:\Users\EO11\Desktop\EO11\Ransim\Scenarios\WeakCryptor-TestFiles\MOCK_DATA2.csv
2023-11-11 16:33:14,processed C:\Users\EO11\Desktop\EO11\Ransim\Scenarios\WeakCryptor-TestFiles\MOCK_DATA2.docx
2023-11-11 16:33:15,processed C:\Users\EO11\Desktop\EO11\Ransim\Scenarios\WeakCryptor-TestFiles\MOCK_DATA2.pdf
2023-11-11 16:33:15,processed C:\Users\EO11\Desktop\EO11\Ransim\Scenarios\WeakCryptor-TestFiles\MOCK_DATA2.pptx
2023-11-11 16:33:16,processed C:\Users\EO11\Desktop\EO11\Ransim\Scenarios\WeakCryptor-TestFiles\MOCK_DATA3.csv
2023-11-11 16:33:17,processed C:\Users\EO11\Desktop\EO11\Ransim\Scenarios\WeakCryptor-TestFiles\MOCK_DATA3.docx
2023-11-11 16:33:17,processed C:\Users\EO11\Desktop\EO11\Ransim\Scenarios\WeakCryptor-TestFiles\MOCK_DATA3.pdf
2023-11-11 16:33:18,processed C:\Users\EO11\Desktop\EO11\Ransim\Scenarios\WeakCryptor-TestFiles\MOCK_DATA3.pptx
2023-11-11 16:33:18,processed C:\Users\EO11\Desktop\EO11\Ransim\Scenarios\WeakCryptor-TestFiles\MOCK_DATA3.xlsx
2023-11-11 16:33:19,processed C:\Users\EO11\Desktop\EO11\Ransim\Scenarios\WeakCryptor-TestFiles\test1.docx
2023-11-11 16:33:19,processed C:\Users\EO11\Desktop\EO11\Ransim\Scenarios\WeakCryptor-TestFiles\test2.docx
2023-11-11 16:33:20,processed C:\Users\EO11\Desktop\EO11\Ransim\Scenarios\WeakCryptor-TestFiles\test3.docx
2023-11-11 16:33:50,finished
