2018-05-24 09:05:19,starting in C:\Users\TestAdmin\Documents\RanSim\TestDirectory\Scenarios\Collaborator\
2018-05-24 09:05:19,Processing 29 files. new ext bpalbvw
2018-05-24 09:05:24,processing C:\Users\TestAdmin\Documents\RanSim\TestDirectory\Scenarios\Collaborator-TestFiles\c10.png
2018-05-24 09:05:24,processed C:\Users\TestAdmin\Documents\RanSim\TestDirectory\Scenarios\Collaborator-TestFiles\c10.png
2018-05-24 09:05:25,processing C:\Users\TestAdmin\Documents\RanSim\TestDirectory\Scenarios\Collaborator-TestFiles\c11.png
2018-05-24 09:05:25,processed C:\Users\TestAdmin\Documents\RanSim\TestDirectory\Scenarios\Collaborator-TestFiles\c11.png
2018-05-24 09:05:25,processing C:\Users\TestAdmin\Documents\RanSim\TestDirectory\Scenarios\Collaborator-TestFiles\c12.png
2018-05-24 09:05:25,processed C:\Users\TestAdmin\Documents\RanSim\TestDirectory\Scenarios\Collaborator-TestFiles\c12.png
2018-05-24 09:05:26,processing C:\Users\TestAdmin\Documents\RanSim\TestDirectory\Scenarios\Collaborator-TestFiles\img10.jpg
2018-05-24 09:05:26,processed C:\Users\TestAdmin\Documents\RanSim\TestDirectory\Scenarios\Collaborator-TestFiles\img10.jpg
2018-05-24 09:05:27,processing C:\Users\TestAdmin\Documents\RanSim\TestDirectory\Scenarios\Collaborator-TestFiles\img11.jpg
2018-05-24 09:05:27,processed C:\Users\TestAdmin\Documents\RanSim\TestDirectory\Scenarios\Collaborator-TestFiles\img11.jpg
2018-05-24 09:05:27,processing C:\Users\TestAdmin\Documents\RanSim\TestDirectory\Scenarios\Collaborator-TestFiles\img12.jpg
2018-05-24 09:05:27,processed C:\Users\TestAdmin\Documents\RanSim\TestDirectory\Scenarios\Collaborator-TestFiles\img12.jpg
2018-05-24 09:05:28,processing C:\Users\TestAdmin\Documents\RanSim\TestDirectory\Scenarios\Collaborator-TestFiles\img20.jpg
2018-05-24 09:05:28,processed C:\Users\TestAdmin\Documents\RanSim\TestDirectory\Scenarios\Collaborator-TestFiles\img20.jpg
2018-05-24 09:05:28,processing C:\Users\TestAdmin\Documents\RanSim\TestDirectory\Scenarios\Collaborator-TestFiles\img21.jpg
2018-05-24 09:05:28,processed C:\Users\TestAdmin\Documents\RanSim\TestDirectory\Scenarios\Collaborator-TestFiles\img21.jpg
2018-05-24 09:05:29,processing C:\Users\TestAdmin\Documents\RanSim\TestDirectory\Scenarios\Collaborator-TestFiles\img22.jpg
2018-05-24 09:05:29,processed C:\Users\TestAdmin\Documents\RanSim\TestDirectory\Scenarios\Collaborator-TestFiles\img22.jpg
2018-05-24 09:05:29,processing C:\Users\TestAdmin\Documents\RanSim\TestDirectory\Scenarios\Collaborator-TestFiles\img30.jpg
2018-05-24 09:05:29,processed C:\Users\TestAdmin\Documents\RanSim\TestDirectory\Scenarios\Collaborator-TestFiles\img30.jpg
2018-05-24 09:05:30,processing C:\Users\TestAdmin\Documents\RanSim\TestDirectory\Scenarios\Collaborator-TestFiles\img31.jpg
2018-05-24 09:05:30,processed C:\Users\TestAdmin\Documents\RanSim\TestDirectory\Scenarios\Collaborator-TestFiles\img31.jpg
2018-05-24 09:05:30,processing C:\Users\TestAdmin\Documents\RanSim\TestDirectory\Scenarios\Collaborator-TestFiles\img32.jpg
2018-05-24 09:05:30,processed C:\Users\TestAdmin\Documents\RanSim\TestDirectory\Scenarios\Collaborator-TestFiles\img32.jpg
2018-05-24 09:05:31,processing C:\Users\TestAdmin\Documents\RanSim\TestDirectory\Scenarios\Collaborator-TestFiles\MOCK_DATA1.csv
2018-05-24 09:05:31,processed C:\Users\TestAdmin\Documents\RanSim\TestDirectory\Scenarios\Collaborator-TestFiles\MOCK_DATA1.csv
2018-05-24 09:05:31,processing C:\Users\TestAdmin\Documents\RanSim\TestDirectory\Scenarios\Collaborator-TestFiles\MOCK_DATA1.docx
2018-05-24 09:05:31,processed C:\Users\TestAdmin\Documents\RanSim\TestDirectory\Scenarios\Collaborator-TestFiles\MOCK_DATA1.docx
2018-05-24 09:05:32,processing C:\Users\TestAdmin\Documents\RanSim\TestDirectory\Scenarios\Collaborator-TestFiles\MOCK_DATA1.pdf
2018-05-24 09:05:32,processed C:\Users\TestAdmin\Documents\RanSim\TestDirectory\Scenarios\Collaborator-TestFiles\MOCK_DATA1.pdf
2018-05-24 09:05:33,processing C:\Users\TestAdmin\Documents\RanSim\TestDirectory\Scenarios\Collaborator-TestFiles\MOCK_DATA1.pptx
2018-05-24 09:05:33,processed C:\Users\TestAdmin\Documents\RanSim\TestDirectory\Scenarios\Collaborator-TestFiles\MOCK_DATA1.pptx
2018-05-24 09:05:33,processing C:\Users\TestAdmin\Documents\RanSim\TestDirectory\Scenarios\Collaborator-TestFiles\MOCK_DATA1.xlsx
2018-05-24 09:05:33,processed C:\Users\TestAdmin\Documents\RanSim\TestDirectory\Scenarios\Collaborator-TestFiles\MOCK_DATA1.xlsx
2018-05-24 09:05:34,processing C:\Users\TestAdmin\Documents\RanSim\TestDirectory\Scenarios\Collaborator-TestFiles\MOCK_DATA2.csv
2018-05-24 09:05:34,processed C:\Users\TestAdmin\Documents\RanSim\TestDirectory\Scenarios\Collaborator-TestFiles\MOCK_DATA2.csv
2018-05-24 09:05:34,processing C:\Users\TestAdmin\Documents\RanSim\TestDirectory\Scenarios\Collaborator-TestFiles\MOCK_DATA2.docx
2018-05-24 09:05:34,processed C:\Users\TestAdmin\Documents\RanSim\TestDirectory\Scenarios\Collaborator-TestFiles\MOCK_DATA2.docx
2018-05-24 09:05:35,processing C:\Users\TestAdmin\Documents\RanSim\TestDirectory\Scenarios\Collaborator-TestFiles\MOCK_DATA2.pdf
2018-05-24 09:05:35,processed C:\Users\TestAdmin\Documents\RanSim\TestDirectory\Scenarios\Collaborator-TestFiles\MOCK_DATA2.pdf
2018-05-24 09:05:36,processing C:\Users\TestAdmin\Documents\RanSim\TestDirectory\Scenarios\Collaborator-TestFiles\MOCK_DATA2.pptx
2018-05-24 09:05:36,processed C:\Users\TestAdmin\Documents\RanSim\TestDirectory\Scenarios\Collaborator-TestFiles\MOCK_DATA2.pptx
2018-05-24 09:05:36,processing C:\Users\TestAdmin\Documents\RanSim\TestDirectory\Scenarios\Collaborator-TestFiles\MOCK_DATA3.csv
2018-05-24 09:05:36,processed C:\Users\TestAdmin\Documents\RanSim\TestDirectory\Scenarios\Collaborator-TestFiles\MOCK_DATA3.csv
2018-05-24 09:05:37,processing C:\Users\TestAdmin\Documents\RanSim\TestDirectory\Scenarios\Collaborator-TestFiles\MOCK_DATA3.docx
2018-05-24 09:05:37,processed C:\Users\TestAdmin\Documents\RanSim\TestDirectory\Scenarios\Collaborator-TestFiles\MOCK_DATA3.docx
2018-05-24 09:05:37,processing C:\Users\TestAdmin\Documents\RanSim\TestDirectory\Scenarios\Collaborator-TestFiles\MOCK_DATA3.pdf
2018-05-24 09:05:37,processed C:\Users\TestAdmin\Documents\RanSim\TestDirectory\Scenarios\Collaborator-TestFiles\MOCK_DATA3.pdf
2018-05-24 09:05:38,processing C:\Users\TestAdmin\Documents\RanSim\TestDirectory\Scenarios\Collaborator-TestFiles\MOCK_DATA3.pptx
2018-05-24 09:05:38,processed C:\Users\TestAdmin\Documents\RanSim\TestDirectory\Scenarios\Collaborator-TestFiles\MOCK_DATA3.pptx
2018-05-24 09:05:39,processing C:\Users\TestAdmin\Documents\RanSim\TestDirectory\Scenarios\Collaborator-TestFiles\MOCK_DATA3.xlsx
2018-05-24 09:05:39,processed C:\Users\TestAdmin\Documents\RanSim\TestDirectory\Scenarios\Collaborator-TestFiles\MOCK_DATA3.xlsx
2018-05-24 09:05:39,processing C:\Users\TestAdmin\Documents\RanSim\TestDirectory\Scenarios\Collaborator-TestFiles\test1.docx
2018-05-24 09:05:39,processed C:\Users\TestAdmin\Documents\RanSim\TestDirectory\Scenarios\Collaborator-TestFiles\test1.docx
2018-05-24 09:05:40,processing C:\Users\TestAdmin\Documents\RanSim\TestDirectory\Scenarios\Collaborator-TestFiles\test2.docx
2018-05-24 09:05:40,processed C:\Users\TestAdmin\Documents\RanSim\TestDirectory\Scenarios\Collaborator-TestFiles\test2.docx
2018-05-24 09:05:40,processing C:\Users\TestAdmin\Documents\RanSim\TestDirectory\Scenarios\Collaborator-TestFiles\test3.docx
2018-05-24 09:05:40,processed C:\Users\TestAdmin\Documents\RanSim\TestDirectory\Scenarios\Collaborator-TestFiles\test3.docx
2018-05-24 09:06:11,finished
2023-11-10 09:34:47,starting in C:\Users\TestAdmin\Desktop\EO\Ransim\Scenarios\Collaborator\
2023-11-10 09:34:48,Processing 29 files. new ext yebrsvd
2023-11-10 09:34:53,processing C:\Users\TestAdmin\Desktop\EO\Ransim\Scenarios\Collaborator-TestFiles\c10.png
2023-11-10 09:34:53,processed C:\Users\TestAdmin\Desktop\EO\Ransim\Scenarios\Collaborator-TestFiles\c10.png
2023-11-10 09:34:53,processing C:\Users\TestAdmin\Desktop\EO\Ransim\Scenarios\Collaborator-TestFiles\c11.png
2023-11-10 09:34:53,processed C:\Users\TestAdmin\Desktop\EO\Ransim\Scenarios\Collaborator-TestFiles\c11.png
2023-11-10 09:34:54,processing C:\Users\TestAdmin\Desktop\EO\Ransim\Scenarios\Collaborator-TestFiles\c12.png
2023-11-10 09:34:54,processed C:\Users\TestAdmin\Desktop\EO\Ransim\Scenarios\Collaborator-TestFiles\c12.png
2023-11-10 09:34:54,processing C:\Users\TestAdmin\Desktop\EO\Ransim\Scenarios\Collaborator-TestFiles\img10.jpg
2023-11-10 09:34:54,processed C:\Users\TestAdmin\Desktop\EO\Ransim\Scenarios\Collaborator-TestFiles\img10.jpg
2023-11-10 09:34:55,processing C:\Users\TestAdmin\Desktop\EO\Ransim\Scenarios\Collaborator-TestFiles\img11.jpg
2023-11-10 09:34:55,processed C:\Users\TestAdmin\Desktop\EO\Ransim\Scenarios\Collaborator-TestFiles\img11.jpg
2023-11-10 09:34:55,processing C:\Users\TestAdmin\Desktop\EO\Ransim\Scenarios\Collaborator-TestFiles\img12.jpg
2023-11-10 09:34:55,processed C:\Users\TestAdmin\Desktop\EO\Ransim\Scenarios\Collaborator-TestFiles\img12.jpg
2023-11-10 09:34:56,processing C:\Users\TestAdmin\Desktop\EO\Ransim\Scenarios\Collaborator-TestFiles\img20.jpg
2023-11-10 09:34:56,processed C:\Users\TestAdmin\Desktop\EO\Ransim\Scenarios\Collaborator-TestFiles\img20.jpg
2023-11-10 09:34:56,processing C:\Users\TestAdmin\Desktop\EO\Ransim\Scenarios\Collaborator-TestFiles\img21.jpg
2023-11-10 09:34:57,processed C:\Users\TestAdmin\Desktop\EO\Ransim\Scenarios\Collaborator-TestFiles\img21.jpg
2023-11-10 09:34:57,processing C:\Users\TestAdmin\Desktop\EO\Ransim\Scenarios\Collaborator-TestFiles\img22.jpg
2023-11-10 09:34:57,processed C:\Users\TestAdmin\Desktop\EO\Ransim\Scenarios\Collaborator-TestFiles\img22.jpg
2023-11-10 09:34:58,processing C:\Users\TestAdmin\Desktop\EO\Ransim\Scenarios\Collaborator-TestFiles\img30.jpg
2023-11-10 09:34:58,processed C:\Users\TestAdmin\Desktop\EO\Ransim\Scenarios\Collaborator-TestFiles\img30.jpg
2023-11-10 09:34:58,processing C:\Users\TestAdmin\Desktop\EO\Ransim\Scenarios\Collaborator-TestFiles\img31.jpg
2023-11-10 09:34:58,processed C:\Users\TestAdmin\Desktop\EO\Ransim\Scenarios\Collaborator-TestFiles\img31.jpg
2023-11-10 09:34:59,processing C:\Users\TestAdmin\Desktop\EO\Ransim\Scenarios\Collaborator-TestFiles\img32.jpg
2023-11-10 09:34:59,processed C:\Users\TestAdmin\Desktop\EO\Ransim\Scenarios\Collaborator-TestFiles\img32.jpg
2023-11-10 09:34:59,processing C:\Users\TestAdmin\Desktop\EO\Ransim\Scenarios\Collaborator-TestFiles\MOCK_DATA1.csv
2023-11-10 09:34:59,processed C:\Users\TestAdmin\Desktop\EO\Ransim\Scenarios\Collaborator-TestFiles\MOCK_DATA1.csv
2023-11-10 09:35:00,processing C:\Users\TestAdmin\Desktop\EO\Ransim\Scenarios\Collaborator-TestFiles\MOCK_DATA1.docx
2023-11-10 09:35:00,processed C:\Users\TestAdmin\Desktop\EO\Ransim\Scenarios\Collaborator-TestFiles\MOCK_DATA1.docx
2023-11-10 09:35:00,processing C:\Users\TestAdmin\Desktop\EO\Ransim\Scenarios\Collaborator-TestFiles\MOCK_DATA1.pdf
2023-11-10 09:35:01,processed C:\Users\TestAdmin\Desktop\EO\Ransim\Scenarios\Collaborator-TestFiles\MOCK_DATA1.pdf
2023-11-10 09:35:01,processing C:\Users\TestAdmin\Desktop\EO\Ransim\Scenarios\Collaborator-TestFiles\MOCK_DATA1.pptx
2023-11-10 09:35:01,processed C:\Users\TestAdmin\Desktop\EO\Ransim\Scenarios\Collaborator-TestFiles\MOCK_DATA1.pptx
2023-11-10 09:35:02,processing C:\Users\TestAdmin\Desktop\EO\Ransim\Scenarios\Collaborator-TestFiles\MOCK_DATA1.xlsx
2023-11-10 09:35:02,processed C:\Users\TestAdmin\Desktop\EO\Ransim\Scenarios\Collaborator-TestFiles\MOCK_DATA1.xlsx
2023-11-10 09:35:02,processing C:\Users\TestAdmin\Desktop\EO\Ransim\Scenarios\Collaborator-TestFiles\MOCK_DATA2.csv
2023-11-10 09:35:02,processed C:\Users\TestAdmin\Desktop\EO\Ransim\Scenarios\Collaborator-TestFiles\MOCK_DATA2.csv
2023-11-10 09:35:03,processing C:\Users\TestAdmin\Desktop\EO\Ransim\Scenarios\Collaborator-TestFiles\MOCK_DATA2.docx
2023-11-10 09:35:03,processed C:\Users\TestAdmin\Desktop\EO\Ransim\Scenarios\Collaborator-TestFiles\MOCK_DATA2.docx
2023-11-10 09:35:04,processing C:\Users\TestAdmin\Desktop\EO\Ransim\Scenarios\Collaborator-TestFiles\MOCK_DATA2.pdf
2023-11-10 09:35:04,processed C:\Users\TestAdmin\Desktop\EO\Ransim\Scenarios\Collaborator-TestFiles\MOCK_DATA2.pdf
2023-11-10 09:35:04,processing C:\Users\TestAdmin\Desktop\EO\Ransim\Scenarios\Collaborator-TestFiles\MOCK_DATA2.pptx
2023-11-10 09:35:04,processed C:\Users\TestAdmin\Desktop\EO\Ransim\Scenarios\Collaborator-TestFiles\MOCK_DATA2.pptx
2023-11-10 09:35:05,processing C:\Users\TestAdmin\Desktop\EO\Ransim\Scenarios\Collaborator-TestFiles\MOCK_DATA3.csv
2023-11-10 09:35:05,processed C:\Users\TestAdmin\Desktop\EO\Ransim\Scenarios\Collaborator-TestFiles\MOCK_DATA3.csv
2023-11-10 09:35:05,processing C:\Users\TestAdmin\Desktop\EO\Ransim\Scenarios\Collaborator-TestFiles\MOCK_DATA3.docx
2023-11-10 09:35:05,processed C:\Users\TestAdmin\Desktop\EO\Ransim\Scenarios\Collaborator-TestFiles\MOCK_DATA3.docx
2023-11-10 09:35:06,processing C:\Users\TestAdmin\Desktop\EO\Ransim\Scenarios\Collaborator-TestFiles\MOCK_DATA3.pdf
2023-11-10 09:35:06,processed C:\Users\TestAdmin\Desktop\EO\Ransim\Scenarios\Collaborator-TestFiles\MOCK_DATA3.pdf
2023-11-10 09:35:06,processing C:\Users\TestAdmin\Desktop\EO\Ransim\Scenarios\Collaborator-TestFiles\MOCK_DATA3.pptx
2023-11-10 09:35:07,processed C:\Users\TestAdmin\Desktop\EO\Ransim\Scenarios\Collaborator-TestFiles\MOCK_DATA3.pptx
2023-11-10 09:35:07,processing C:\Users\TestAdmin\Desktop\EO\Ransim\Scenarios\Collaborator-TestFiles\MOCK_DATA3.xlsx
2023-11-10 09:35:07,processed C:\Users\TestAdmin\Desktop\EO\Ransim\Scenarios\Collaborator-TestFiles\MOCK_DATA3.xlsx
2023-11-10 09:35:08,processing C:\Users\TestAdmin\Desktop\EO\Ransim\Scenarios\Collaborator-TestFiles\test1.docx
2023-11-10 09:35:08,processed C:\Users\TestAdmin\Desktop\EO\Ransim\Scenarios\Collaborator-TestFiles\test1.docx
2023-11-10 09:35:08,processing C:\Users\TestAdmin\Desktop\EO\Ransim\Scenarios\Collaborator-TestFiles\test2.docx
2023-11-10 09:35:08,processed C:\Users\TestAdmin\Desktop\EO\Ransim\Scenarios\Collaborator-TestFiles\test2.docx
2023-11-10 09:35:09,processing C:\Users\TestAdmin\Desktop\EO\Ransim\Scenarios\Collaborator-TestFiles\test3.docx
2023-11-10 09:35:09,processed C:\Users\TestAdmin\Desktop\EO\Ransim\Scenarios\Collaborator-TestFiles\test3.docx
2023-11-10 09:35:39,finished
2023-11-10 16:04:31,starting in C:\Users\TestAdmin\Desktop\EO\Ransim\Scenarios\Collaborator\
2023-11-10 16:04:32,Processing 29 files. new ext cochkvx
2023-11-10 16:04:37,processing C:\Users\TestAdmin\Desktop\EO\Ransim\Scenarios\Collaborator-TestFiles\c10.png
2023-11-10 16:04:37,processed C:\Users\TestAdmin\Desktop\EO\Ransim\Scenarios\Collaborator-TestFiles\c10.png
2023-11-10 16:04:38,processing C:\Users\TestAdmin\Desktop\EO\Ransim\Scenarios\Collaborator-TestFiles\c11.png
2023-11-10 16:04:39,processed C:\Users\TestAdmin\Desktop\EO\Ransim\Scenarios\Collaborator-TestFiles\c11.png
2023-11-10 16:04:39,processing C:\Users\TestAdmin\Desktop\EO\Ransim\Scenarios\Collaborator-TestFiles\c12.png
2023-11-10 16:04:40,processed C:\Users\TestAdmin\Desktop\EO\Ransim\Scenarios\Collaborator-TestFiles\c12.png
2023-11-10 16:04:40,processing C:\Users\TestAdmin\Desktop\EO\Ransim\Scenarios\Collaborator-TestFiles\img10.jpg
2023-11-10 16:04:41,processed C:\Users\TestAdmin\Desktop\EO\Ransim\Scenarios\Collaborator-TestFiles\img10.jpg
2023-11-10 16:04:42,processing C:\Users\TestAdmin\Desktop\EO\Ransim\Scenarios\Collaborator-TestFiles\img11.jpg
2023-11-10 16:04:43,processed C:\Users\TestAdmin\Desktop\EO\Ransim\Scenarios\Collaborator-TestFiles\img11.jpg
2023-11-10 16:04:43,processing C:\Users\TestAdmin\Desktop\EO\Ransim\Scenarios\Collaborator-TestFiles\img12.jpg
2023-11-10 16:04:44,processed C:\Users\TestAdmin\Desktop\EO\Ransim\Scenarios\Collaborator-TestFiles\img12.jpg
2023-11-10 16:04:44,processing C:\Users\TestAdmin\Desktop\EO\Ransim\Scenarios\Collaborator-TestFiles\img20.jpg
2023-11-10 16:04:45,processed C:\Users\TestAdmin\Desktop\EO\Ransim\Scenarios\Collaborator-TestFiles\img20.jpg
2023-11-10 16:04:46,processing C:\Users\TestAdmin\Desktop\EO\Ransim\Scenarios\Collaborator-TestFiles\img21.jpg
2023-11-10 16:04:46,processed C:\Users\TestAdmin\Desktop\EO\Ransim\Scenarios\Collaborator-TestFiles\img21.jpg
2023-11-10 16:04:47,processing C:\Users\TestAdmin\Desktop\EO\Ransim\Scenarios\Collaborator-TestFiles\img22.jpg
2023-11-10 16:04:47,processed C:\Users\TestAdmin\Desktop\EO\Ransim\Scenarios\Collaborator-TestFiles\img22.jpg
2023-11-10 16:04:48,processing C:\Users\TestAdmin\Desktop\EO\Ransim\Scenarios\Collaborator-TestFiles\img30.jpg
2023-11-10 16:04:49,processed C:\Users\TestAdmin\Desktop\EO\Ransim\Scenarios\Collaborator-TestFiles\img30.jpg
2023-11-10 16:04:49,processing C:\Users\TestAdmin\Desktop\EO\Ransim\Scenarios\Collaborator-TestFiles\img31.jpg
2023-11-10 16:04:50,processed C:\Users\TestAdmin\Desktop\EO\Ransim\Scenarios\Collaborator-TestFiles\img31.jpg
2023-11-10 16:04:51,processing C:\Users\TestAdmin\Desktop\EO\Ransim\Scenarios\Collaborator-TestFiles\img32.jpg
2023-11-10 16:04:51,processed C:\Users\TestAdmin\Desktop\EO\Ransim\Scenarios\Collaborator-TestFiles\img32.jpg
2023-11-10 16:04:52,processing C:\Users\TestAdmin\Desktop\EO\Ransim\Scenarios\Collaborator-TestFiles\MOCK_DATA1.csv
2023-11-10 16:04:53,processed C:\Users\TestAdmin\Desktop\EO\Ransim\Scenarios\Collaborator-TestFiles\MOCK_DATA1.csv
2023-11-10 16:04:53,processing C:\Users\TestAdmin\Desktop\EO\Ransim\Scenarios\Collaborator-TestFiles\MOCK_DATA1.docx
2023-11-10 16:04:54,processed C:\Users\TestAdmin\Desktop\EO\Ransim\Scenarios\Collaborator-TestFiles\MOCK_DATA1.docx
2023-11-10 16:04:54,processing C:\Users\TestAdmin\Desktop\EO\Ransim\Scenarios\Collaborator-TestFiles\MOCK_DATA1.pdf
2023-11-10 16:04:55,processed C:\Users\TestAdmin\Desktop\EO\Ransim\Scenarios\Collaborator-TestFiles\MOCK_DATA1.pdf
2023-11-10 16:04:56,processing C:\Users\TestAdmin\Desktop\EO\Ransim\Scenarios\Collaborator-TestFiles\MOCK_DATA1.pptx
2023-11-10 16:04:56,processed C:\Users\TestAdmin\Desktop\EO\Ransim\Scenarios\Collaborator-TestFiles\MOCK_DATA1.pptx
2023-11-10 16:04:57,processing C:\Users\TestAdmin\Desktop\EO\Ransim\Scenarios\Collaborator-TestFiles\MOCK_DATA1.xlsx
2023-11-10 16:04:57,processed C:\Users\TestAdmin\Desktop\EO\Ransim\Scenarios\Collaborator-TestFiles\MOCK_DATA1.xlsx
2023-11-10 16:04:58,processing C:\Users\TestAdmin\Desktop\EO\Ransim\Scenarios\Collaborator-TestFiles\MOCK_DATA2.csv
2023-11-10 16:04:59,processed C:\Users\TestAdmin\Desktop\EO\Ransim\Scenarios\Collaborator-TestFiles\MOCK_DATA2.csv
2023-11-10 16:04:59,processing C:\Users\TestAdmin\Desktop\EO\Ransim\Scenarios\Collaborator-TestFiles\MOCK_DATA2.docx
2023-11-10 16:05:00,processed C:\Users\TestAdmin\Desktop\EO\Ransim\Scenarios\Collaborator-TestFiles\MOCK_DATA2.docx
2023-11-10 16:05:01,processing C:\Users\TestAdmin\Desktop\EO\Ransim\Scenarios\Collaborator-TestFiles\MOCK_DATA2.pdf
2023-11-10 16:05:01,processed C:\Users\TestAdmin\Desktop\EO\Ransim\Scenarios\Collaborator-TestFiles\MOCK_DATA2.pdf
2023-11-10 16:05:02,processing C:\Users\TestAdmin\Desktop\EO\Ransim\Scenarios\Collaborator-TestFiles\MOCK_DATA2.pptx
2023-11-10 16:05:03,processed C:\Users\TestAdmin\Desktop\EO\Ransim\Scenarios\Collaborator-TestFiles\MOCK_DATA2.pptx
2023-11-10 16:05:03,processing C:\Users\TestAdmin\Desktop\EO\Ransim\Scenarios\Collaborator-TestFiles\MOCK_DATA3.csv
2023-11-10 16:05:04,processed C:\Users\TestAdmin\Desktop\EO\Ransim\Scenarios\Collaborator-TestFiles\MOCK_DATA3.csv
2023-11-10 16:05:04,processing C:\Users\TestAdmin\Desktop\EO\Ransim\Scenarios\Collaborator-TestFiles\MOCK_DATA3.docx
2023-11-10 16:05:05,processed C:\Users\TestAdmin\Desktop\EO\Ransim\Scenarios\Collaborator-TestFiles\MOCK_DATA3.docx
2023-11-10 16:05:06,processing C:\Users\TestAdmin\Desktop\EO\Ransim\Scenarios\Collaborator-TestFiles\MOCK_DATA3.pdf
2023-11-10 16:05:06,processed C:\Users\TestAdmin\Desktop\EO\Ransim\Scenarios\Collaborator-TestFiles\MOCK_DATA3.pdf
2023-11-10 16:05:07,processing C:\Users\TestAdmin\Desktop\EO\Ransim\Scenarios\Collaborator-TestFiles\MOCK_DATA3.pptx
2023-11-10 16:05:08,processed C:\Users\TestAdmin\Desktop\EO\Ransim\Scenarios\Collaborator-TestFiles\MOCK_DATA3.pptx
2023-11-10 16:05:08,processing C:\Users\TestAdmin\Desktop\EO\Ransim\Scenarios\Collaborator-TestFiles\MOCK_DATA3.xlsx
2023-11-10 16:05:09,processed C:\Users\TestAdmin\Desktop\EO\Ransim\Scenarios\Collaborator-TestFiles\MOCK_DATA3.xlsx
2023-11-10 16:05:09,processing C:\Users\TestAdmin\Desktop\EO\Ransim\Scenarios\Collaborator-TestFiles\test1.docx
2023-11-10 16:05:10,processed C:\Users\TestAdmin\Desktop\EO\Ransim\Scenarios\Collaborator-TestFiles\test1.docx
2023-11-10 16:05:11,processing C:\Users\TestAdmin\Desktop\EO\Ransim\Scenarios\Collaborator-TestFiles\test2.docx
2023-11-10 16:05:11,processed C:\Users\TestAdmin\Desktop\EO\Ransim\Scenarios\Collaborator-TestFiles\test2.docx
2023-11-10 16:05:12,processing C:\Users\TestAdmin\Desktop\EO\Ransim\Scenarios\Collaborator-TestFiles\test3.docx
2023-11-10 16:05:12,processed C:\Users\TestAdmin\Desktop\EO\Ransim\Scenarios\Collaborator-TestFiles\test3.docx
2023-11-10 16:05:43,finished
2023-11-11 11:52:54,starting in C:\Users\EO11\Desktop\EO11\Ransim\Scenarios\Collaborator\
2023-11-11 11:52:54,Processing 29 files. new ext guqbiym
2023-11-11 11:52:59,processing C:\Users\EO11\Desktop\EO11\Ransim\Scenarios\Collaborator-TestFiles\c10.png
2023-11-11 11:52:59,processed C:\Users\EO11\Desktop\EO11\Ransim\Scenarios\Collaborator-TestFiles\c10.png
2023-11-11 11:52:59,processing C:\Users\EO11\Desktop\EO11\Ransim\Scenarios\Collaborator-TestFiles\c11.png
2023-11-11 11:52:59,processed C:\Users\EO11\Desktop\EO11\Ransim\Scenarios\Collaborator-TestFiles\c11.png
2023-11-11 11:53:00,processing C:\Users\EO11\Desktop\EO11\Ransim\Scenarios\Collaborator-TestFiles\c12.png
2023-11-11 11:53:00,processed C:\Users\EO11\Desktop\EO11\Ransim\Scenarios\Collaborator-TestFiles\c12.png
2023-11-11 11:53:01,processing C:\Users\EO11\Desktop\EO11\Ransim\Scenarios\Collaborator-TestFiles\img10.jpg
2023-11-11 11:53:01,processed C:\Users\EO11\Desktop\EO11\Ransim\Scenarios\Collaborator-TestFiles\img10.jpg
2023-11-11 11:53:01,processing C:\Users\EO11\Desktop\EO11\Ransim\Scenarios\Collaborator-TestFiles\img11.jpg
2023-11-11 11:53:01,processed C:\Users\EO11\Desktop\EO11\Ransim\Scenarios\Collaborator-TestFiles\img11.jpg
2023-11-11 11:53:02,processing C:\Users\EO11\Desktop\EO11\Ransim\Scenarios\Collaborator-TestFiles\img12.jpg
2023-11-11 11:53:02,processed C:\Users\EO11\Desktop\EO11\Ransim\Scenarios\Collaborator-TestFiles\img12.jpg
2023-11-11 11:53:02,processing C:\Users\EO11\Desktop\EO11\Ransim\Scenarios\Collaborator-TestFiles\img20.jpg
2023-11-11 11:53:02,processed C:\Users\EO11\Desktop\EO11\Ransim\Scenarios\Collaborator-TestFiles\img20.jpg
2023-11-11 11:53:03,processing C:\Users\EO11\Desktop\EO11\Ransim\Scenarios\Collaborator-TestFiles\img21.jpg
2023-11-11 11:53:03,processed C:\Users\EO11\Desktop\EO11\Ransim\Scenarios\Collaborator-TestFiles\img21.jpg
2023-11-11 11:53:03,processing C:\Users\EO11\Desktop\EO11\Ransim\Scenarios\Collaborator-TestFiles\img22.jpg
2023-11-11 11:53:03,processed C:\Users\EO11\Desktop\EO11\Ransim\Scenarios\Collaborator-TestFiles\img22.jpg
2023-11-11 11:53:04,processing C:\Users\EO11\Desktop\EO11\Ransim\Scenarios\Collaborator-TestFiles\img30.jpg
2023-11-11 11:53:04,processed C:\Users\EO11\Desktop\EO11\Ransim\Scenarios\Collaborator-TestFiles\img30.jpg
2023-11-11 11:53:05,processing C:\Users\EO11\Desktop\EO11\Ransim\Scenarios\Collaborator-TestFiles\img31.jpg
2023-11-11 11:53:05,processed C:\Users\EO11\Desktop\EO11\Ransim\Scenarios\Collaborator-TestFiles\img31.jpg
2023-11-11 11:53:05,processing C:\Users\EO11\Desktop\EO11\Ransim\Scenarios\Collaborator-TestFiles\img32.jpg
2023-11-11 11:53:05,processed C:\Users\EO11\Desktop\EO11\Ransim\Scenarios\Collaborator-TestFiles\img32.jpg
2023-11-11 11:53:06,processing C:\Users\EO11\Desktop\EO11\Ransim\Scenarios\Collaborator-TestFiles\MOCK_DATA1.csv
2023-11-11 11:53:06,processed C:\Users\EO11\Desktop\EO11\Ransim\Scenarios\Collaborator-TestFiles\MOCK_DATA1.csv
2023-11-11 11:53:06,processing C:\Users\EO11\Desktop\EO11\Ransim\Scenarios\Collaborator-TestFiles\MOCK_DATA1.docx
2023-11-11 11:53:06,processed C:\Users\EO11\Desktop\EO11\Ransim\Scenarios\Collaborator-TestFiles\MOCK_DATA1.docx
2023-11-11 11:53:07,processing C:\Users\EO11\Desktop\EO11\Ransim\Scenarios\Collaborator-TestFiles\MOCK_DATA1.pdf
2023-11-11 11:53:07,processed C:\Users\EO11\Desktop\EO11\Ransim\Scenarios\Collaborator-TestFiles\MOCK_DATA1.pdf
2023-11-11 11:53:07,processing C:\Users\EO11\Desktop\EO11\Ransim\Scenarios\Collaborator-TestFiles\MOCK_DATA1.pptx
2023-11-11 11:53:07,processed C:\Users\EO11\Desktop\EO11\Ransim\Scenarios\Collaborator-TestFiles\MOCK_DATA1.pptx
2023-11-11 11:53:08,processing C:\Users\EO11\Desktop\EO11\Ransim\Scenarios\Collaborator-TestFiles\MOCK_DATA1.xlsx
2023-11-11 11:53:08,processed C:\Users\EO11\Desktop\EO11\Ransim\Scenarios\Collaborator-TestFiles\MOCK_DATA1.xlsx
2023-11-11 11:53:08,processing C:\Users\EO11\Desktop\EO11\Ransim\Scenarios\Collaborator-TestFiles\MOCK_DATA2.csv
2023-11-11 11:53:09,processed C:\Users\EO11\Desktop\EO11\Ransim\Scenarios\Collaborator-TestFiles\MOCK_DATA2.csv
2023-11-11 11:53:09,processing C:\Users\EO11\Desktop\EO11\Ransim\Scenarios\Collaborator-TestFiles\MOCK_DATA2.docx
2023-11-11 11:53:09,processed C:\Users\EO11\Desktop\EO11\Ransim\Scenarios\Collaborator-TestFiles\MOCK_DATA2.docx
2023-11-11 11:53:10,processing C:\Users\EO11\Desktop\EO11\Ransim\Scenarios\Collaborator-TestFiles\MOCK_DATA2.pdf
2023-11-11 11:53:10,processed C:\Users\EO11\Desktop\EO11\Ransim\Scenarios\Collaborator-TestFiles\MOCK_DATA2.pdf
2023-11-11 11:53:10,processing C:\Users\EO11\Desktop\EO11\Ransim\Scenarios\Collaborator-TestFiles\MOCK_DATA2.pptx
2023-11-11 11:53:10,processed C:\Users\EO11\Desktop\EO11\Ransim\Scenarios\Collaborator-TestFiles\MOCK_DATA2.pptx
2023-11-11 11:53:11,processing C:\Users\EO11\Desktop\EO11\Ransim\Scenarios\Collaborator-TestFiles\MOCK_DATA3.csv
2023-11-11 11:53:11,processed C:\Users\EO11\Desktop\EO11\Ransim\Scenarios\Collaborator-TestFiles\MOCK_DATA3.csv
2023-11-11 11:53:11,processing C:\Users\EO11\Desktop\EO11\Ransim\Scenarios\Collaborator-TestFiles\MOCK_DATA3.docx
2023-11-11 11:53:11,processed C:\Users\EO11\Desktop\EO11\Ransim\Scenarios\Collaborator-TestFiles\MOCK_DATA3.docx
2023-11-11 11:53:12,processing C:\Users\EO11\Desktop\EO11\Ransim\Scenarios\Collaborator-TestFiles\MOCK_DATA3.pdf
2023-11-11 11:53:12,processed C:\Users\EO11\Desktop\EO11\Ransim\Scenarios\Collaborator-TestFiles\MOCK_DATA3.pdf
2023-11-11 11:53:12,processing C:\Users\EO11\Desktop\EO11\Ransim\Scenarios\Collaborator-TestFiles\MOCK_DATA3.pptx
2023-11-11 11:53:12,processed C:\Users\EO11\Desktop\EO11\Ransim\Scenarios\Collaborator-TestFiles\MOCK_DATA3.pptx
2023-11-11 11:53:13,processing C:\Users\EO11\Desktop\EO11\Ransim\Scenarios\Collaborator-TestFiles\MOCK_DATA3.xlsx
2023-11-11 11:53:13,processed C:\Users\EO11\Desktop\EO11\Ransim\Scenarios\Collaborator-TestFiles\MOCK_DATA3.xlsx
2023-11-11 11:53:14,processing C:\Users\EO11\Desktop\EO11\Ransim\Scenarios\Collaborator-TestFiles\test1.docx
2023-11-11 11:53:14,processed C:\Users\EO11\Desktop\EO11\Ransim\Scenarios\Collaborator-TestFiles\test1.docx
2023-11-11 11:53:14,processing C:\Users\EO11\Desktop\EO11\Ransim\Scenarios\Collaborator-TestFiles\test2.docx
2023-11-11 11:53:14,processed C:\Users\EO11\Desktop\EO11\Ransim\Scenarios\Collaborator-TestFiles\test2.docx
2023-11-11 11:53:15,processing C:\Users\EO11\Desktop\EO11\Ransim\Scenarios\Collaborator-TestFiles\test3.docx
2023-11-11 11:53:15,processed C:\Users\EO11\Desktop\EO11\Ransim\Scenarios\Collaborator-TestFiles\test3.docx
2023-11-11 11:53:45,finished
2023-11-11 11:56:18,starting in C:\Users\EO11\Desktop\EO11\Ransim\Scenarios\Collaborator\
2023-11-11 11:56:19,Processing 29 files. new ext bqvehaw
2023-11-11 11:56:24,processing C:\Users\EO11\Desktop\EO11\Ransim\Scenarios\Collaborator-TestFiles\c10.png
2023-11-11 11:56:24,processed C:\Users\EO11\Desktop\EO11\Ransim\Scenarios\Collaborator-TestFiles\c10.png
2023-11-11 11:56:25,processing C:\Users\EO11\Desktop\EO11\Ransim\Scenarios\Collaborator-TestFiles\c11.png
2023-11-11 11:56:25,processed C:\Users\EO11\Desktop\EO11\Ransim\Scenarios\Collaborator-TestFiles\c11.png
2023-11-11 11:56:26,processing C:\Users\EO11\Desktop\EO11\Ransim\Scenarios\Collaborator-TestFiles\c12.png
2023-11-11 11:56:26,processed C:\Users\EO11\Desktop\EO11\Ransim\Scenarios\Collaborator-TestFiles\c12.png
2023-11-11 11:56:27,processing C:\Users\EO11\Desktop\EO11\Ransim\Scenarios\Collaborator-TestFiles\img10.jpg
2023-11-11 11:56:28,processed C:\Users\EO11\Desktop\EO11\Ransim\Scenarios\Collaborator-TestFiles\img10.jpg
2023-11-11 11:56:28,processing C:\Users\EO11\Desktop\EO11\Ransim\Scenarios\Collaborator-TestFiles\img11.jpg
2023-11-11 11:56:29,processed C:\Users\EO11\Desktop\EO11\Ransim\Scenarios\Collaborator-TestFiles\img11.jpg
2023-11-11 11:56:29,processing C:\Users\EO11\Desktop\EO11\Ransim\Scenarios\Collaborator-TestFiles\img12.jpg
2023-11-11 11:56:30,processed C:\Users\EO11\Desktop\EO11\Ransim\Scenarios\Collaborator-TestFiles\img12.jpg
2023-11-11 11:56:31,processing C:\Users\EO11\Desktop\EO11\Ransim\Scenarios\Collaborator-TestFiles\img20.jpg
2023-11-11 11:56:31,processed C:\Users\EO11\Desktop\EO11\Ransim\Scenarios\Collaborator-TestFiles\img20.jpg
2023-11-11 11:56:32,processing C:\Users\EO11\Desktop\EO11\Ransim\Scenarios\Collaborator-TestFiles\img21.jpg
2023-11-11 11:56:32,processed C:\Users\EO11\Desktop\EO11\Ransim\Scenarios\Collaborator-TestFiles\img21.jpg
2023-11-11 11:56:33,processing C:\Users\EO11\Desktop\EO11\Ransim\Scenarios\Collaborator-TestFiles\img22.jpg
2023-11-11 11:56:33,processed C:\Users\EO11\Desktop\EO11\Ransim\Scenarios\Collaborator-TestFiles\img22.jpg
2023-11-11 11:56:34,processing C:\Users\EO11\Desktop\EO11\Ransim\Scenarios\Collaborator-TestFiles\img30.jpg
2023-11-11 11:56:35,processed C:\Users\EO11\Desktop\EO11\Ransim\Scenarios\Collaborator-TestFiles\img30.jpg
2023-11-11 11:56:35,processing C:\Users\EO11\Desktop\EO11\Ransim\Scenarios\Collaborator-TestFiles\img31.jpg
2023-11-11 11:56:36,processed C:\Users\EO11\Desktop\EO11\Ransim\Scenarios\Collaborator-TestFiles\img31.jpg
2023-11-11 11:56:36,processing C:\Users\EO11\Desktop\EO11\Ransim\Scenarios\Collaborator-TestFiles\img32.jpg
2023-11-11 11:56:37,processed C:\Users\EO11\Desktop\EO11\Ransim\Scenarios\Collaborator-TestFiles\img32.jpg
2023-11-11 11:56:38,processing C:\Users\EO11\Desktop\EO11\Ransim\Scenarios\Collaborator-TestFiles\MOCK_DATA1.csv
2023-11-11 11:56:38,processed C:\Users\EO11\Desktop\EO11\Ransim\Scenarios\Collaborator-TestFiles\MOCK_DATA1.csv
2023-11-11 11:56:39,processing C:\Users\EO11\Desktop\EO11\Ransim\Scenarios\Collaborator-TestFiles\MOCK_DATA1.docx
2023-11-11 11:56:39,processed C:\Users\EO11\Desktop\EO11\Ransim\Scenarios\Collaborator-TestFiles\MOCK_DATA1.docx
2023-11-11 11:56:40,processing C:\Users\EO11\Desktop\EO11\Ransim\Scenarios\Collaborator-TestFiles\MOCK_DATA1.pdf
2023-11-11 11:56:41,processed C:\Users\EO11\Desktop\EO11\Ransim\Scenarios\Collaborator-TestFiles\MOCK_DATA1.pdf
2023-11-11 11:56:41,processing C:\Users\EO11\Desktop\EO11\Ransim\Scenarios\Collaborator-TestFiles\MOCK_DATA1.pptx
2023-11-11 11:56:42,processed C:\Users\EO11\Desktop\EO11\Ransim\Scenarios\Collaborator-TestFiles\MOCK_DATA1.pptx
2023-11-11 11:56:43,processing C:\Users\EO11\Desktop\EO11\Ransim\Scenarios\Collaborator-TestFiles\MOCK_DATA1.xlsx
2023-11-11 11:56:44,processed C:\Users\EO11\Desktop\EO11\Ransim\Scenarios\Collaborator-TestFiles\MOCK_DATA1.xlsx
2023-11-11 11:56:44,processing C:\Users\EO11\Desktop\EO11\Ransim\Scenarios\Collaborator-TestFiles\MOCK_DATA2.csv
2023-11-11 11:56:45,processed C:\Users\EO11\Desktop\EO11\Ransim\Scenarios\Collaborator-TestFiles\MOCK_DATA2.csv
2023-11-11 11:56:45,processing C:\Users\EO11\Desktop\EO11\Ransim\Scenarios\Collaborator-TestFiles\MOCK_DATA2.docx
2023-11-11 11:56:46,processed C:\Users\EO11\Desktop\EO11\Ransim\Scenarios\Collaborator-TestFiles\MOCK_DATA2.docx
2023-11-11 11:56:47,processing C:\Users\EO11\Desktop\EO11\Ransim\Scenarios\Collaborator-TestFiles\MOCK_DATA2.pdf
2023-11-11 11:56:47,processed C:\Users\EO11\Desktop\EO11\Ransim\Scenarios\Collaborator-TestFiles\MOCK_DATA2.pdf
2023-11-11 11:56:48,processing C:\Users\EO11\Desktop\EO11\Ransim\Scenarios\Collaborator-TestFiles\MOCK_DATA2.pptx
2023-11-11 11:56:49,processed C:\Users\EO11\Desktop\EO11\Ransim\Scenarios\Collaborator-TestFiles\MOCK_DATA2.pptx
2023-11-11 11:56:49,processing C:\Users\EO11\Desktop\EO11\Ransim\Scenarios\Collaborator-TestFiles\MOCK_DATA3.csv
2023-11-11 11:56:50,processed C:\Users\EO11\Desktop\EO11\Ransim\Scenarios\Collaborator-TestFiles\MOCK_DATA3.csv
2023-11-11 11:56:50,processing C:\Users\EO11\Desktop\EO11\Ransim\Scenarios\Collaborator-TestFiles\MOCK_DATA3.docx
2023-11-11 11:56:51,processed C:\Users\EO11\Desktop\EO11\Ransim\Scenarios\Collaborator-TestFiles\MOCK_DATA3.docx
2023-11-11 11:56:52,processing C:\Users\EO11\Desktop\EO11\Ransim\Scenarios\Collaborator-TestFiles\MOCK_DATA3.pdf
2023-11-11 11:56:52,processed C:\Users\EO11\Desktop\EO11\Ransim\Scenarios\Collaborator-TestFiles\MOCK_DATA3.pdf
2023-11-11 11:56:53,processing C:\Users\EO11\Desktop\EO11\Ransim\Scenarios\Collaborator-TestFiles\MOCK_DATA3.pptx
2023-11-11 11:56:53,processed C:\Users\EO11\Desktop\EO11\Ransim\Scenarios\Collaborator-TestFiles\MOCK_DATA3.pptx
2023-11-11 11:56:54,processing C:\Users\EO11\Desktop\EO11\Ransim\Scenarios\Collaborator-TestFiles\MOCK_DATA3.xlsx
2023-11-11 11:56:55,processed C:\Users\EO11\Desktop\EO11\Ransim\Scenarios\Collaborator-TestFiles\MOCK_DATA3.xlsx
2023-11-11 11:56:55,processing C:\Users\EO11\Desktop\EO11\Ransim\Scenarios\Collaborator-TestFiles\test1.docx
2023-11-11 11:56:56,processed C:\Users\EO11\Desktop\EO11\Ransim\Scenarios\Collaborator-TestFiles\test1.docx
2023-11-11 11:56:56,processing C:\Users\EO11\Desktop\EO11\Ransim\Scenarios\Collaborator-TestFiles\test2.docx
2023-11-11 11:56:57,processed C:\Users\EO11\Desktop\EO11\Ransim\Scenarios\Collaborator-TestFiles\test2.docx
2023-11-11 11:56:57,processing C:\Users\EO11\Desktop\EO11\Ransim\Scenarios\Collaborator-TestFiles\test3.docx
2023-11-11 11:56:58,processed C:\Users\EO11\Desktop\EO11\Ransim\Scenarios\Collaborator-TestFiles\test3.docx
2023-11-11 11:57:29,finished
2023-11-11 16:23:54,starting in C:\Users\EO11\Desktop\EO11\Ransim\Scenarios\Collaborator\
2023-11-11 16:23:54,Processing 29 files. new ext gcplxta
2023-11-11 16:23:59,processing C:\Users\EO11\Desktop\EO11\Ransim\Scenarios\Collaborator-TestFiles\c10.png
2023-11-11 16:23:59,processed C:\Users\EO11\Desktop\EO11\Ransim\Scenarios\Collaborator-TestFiles\c10.png
2023-11-11 16:24:00,processing C:\Users\EO11\Desktop\EO11\Ransim\Scenarios\Collaborator-TestFiles\c11.png
2023-11-11 16:24:00,processed C:\Users\EO11\Desktop\EO11\Ransim\Scenarios\Collaborator-TestFiles\c11.png
2023-11-11 16:24:00,processing C:\Users\EO11\Desktop\EO11\Ransim\Scenarios\Collaborator-TestFiles\c12.png
2023-11-11 16:24:00,processed C:\Users\EO11\Desktop\EO11\Ransim\Scenarios\Collaborator-TestFiles\c12.png
2023-11-11 16:24:01,processing C:\Users\EO11\Desktop\EO11\Ransim\Scenarios\Collaborator-TestFiles\img10.jpg
2023-11-11 16:24:01,processed C:\Users\EO11\Desktop\EO11\Ransim\Scenarios\Collaborator-TestFiles\img10.jpg
2023-11-11 16:24:02,processing C:\Users\EO11\Desktop\EO11\Ransim\Scenarios\Collaborator-TestFiles\img11.jpg
2023-11-11 16:24:02,processed C:\Users\EO11\Desktop\EO11\Ransim\Scenarios\Collaborator-TestFiles\img11.jpg
2023-11-11 16:24:02,processing C:\Users\EO11\Desktop\EO11\Ransim\Scenarios\Collaborator-TestFiles\img12.jpg
2023-11-11 16:24:02,processed C:\Users\EO11\Desktop\EO11\Ransim\Scenarios\Collaborator-TestFiles\img12.jpg
2023-11-11 16:24:03,processing C:\Users\EO11\Desktop\EO11\Ransim\Scenarios\Collaborator-TestFiles\img20.jpg
2023-11-11 16:24:03,processed C:\Users\EO11\Desktop\EO11\Ransim\Scenarios\Collaborator-TestFiles\img20.jpg
2023-11-11 16:24:03,processing C:\Users\EO11\Desktop\EO11\Ransim\Scenarios\Collaborator-TestFiles\img21.jpg
2023-11-11 16:24:03,processed C:\Users\EO11\Desktop\EO11\Ransim\Scenarios\Collaborator-TestFiles\img21.jpg
2023-11-11 16:24:04,processing C:\Users\EO11\Desktop\EO11\Ransim\Scenarios\Collaborator-TestFiles\img22.jpg
2023-11-11 16:24:04,processed C:\Users\EO11\Desktop\EO11\Ransim\Scenarios\Collaborator-TestFiles\img22.jpg
2023-11-11 16:24:04,processing C:\Users\EO11\Desktop\EO11\Ransim\Scenarios\Collaborator-TestFiles\img30.jpg
2023-11-11 16:24:04,processed C:\Users\EO11\Desktop\EO11\Ransim\Scenarios\Collaborator-TestFiles\img30.jpg
2023-11-11 16:24:05,processing C:\Users\EO11\Desktop\EO11\Ransim\Scenarios\Collaborator-TestFiles\img31.jpg
2023-11-11 16:24:05,processed C:\Users\EO11\Desktop\EO11\Ransim\Scenarios\Collaborator-TestFiles\img31.jpg
2023-11-11 16:24:05,processing C:\Users\EO11\Desktop\EO11\Ransim\Scenarios\Collaborator-TestFiles\img32.jpg
2023-11-11 16:24:05,processed C:\Users\EO11\Desktop\EO11\Ransim\Scenarios\Collaborator-TestFiles\img32.jpg
2023-11-11 16:24:06,processing C:\Users\EO11\Desktop\EO11\Ransim\Scenarios\Collaborator-TestFiles\MOCK_DATA1.csv
2023-11-11 16:24:06,processed C:\Users\EO11\Desktop\EO11\Ransim\Scenarios\Collaborator-TestFiles\MOCK_DATA1.csv
2023-11-11 16:24:06,processing C:\Users\EO11\Desktop\EO11\Ransim\Scenarios\Collaborator-TestFiles\MOCK_DATA1.docx
2023-11-11 16:24:06,processed C:\Users\EO11\Desktop\EO11\Ransim\Scenarios\Collaborator-TestFiles\MOCK_DATA1.docx
2023-11-11 16:24:07,processing C:\Users\EO11\Desktop\EO11\Ransim\Scenarios\Collaborator-TestFiles\MOCK_DATA1.pdf
2023-11-11 16:24:07,processed C:\Users\EO11\Desktop\EO11\Ransim\Scenarios\Collaborator-TestFiles\MOCK_DATA1.pdf
2023-11-11 16:24:07,processing C:\Users\EO11\Desktop\EO11\Ransim\Scenarios\Collaborator-TestFiles\MOCK_DATA1.pptx
2023-11-11 16:24:08,processed C:\Users\EO11\Desktop\EO11\Ransim\Scenarios\Collaborator-TestFiles\MOCK_DATA1.pptx
2023-11-11 16:24:08,processing C:\Users\EO11\Desktop\EO11\Ransim\Scenarios\Collaborator-TestFiles\MOCK_DATA1.xlsx
2023-11-11 16:24:08,processed C:\Users\EO11\Desktop\EO11\Ransim\Scenarios\Collaborator-TestFiles\MOCK_DATA1.xlsx
2023-11-11 16:24:09,processing C:\Users\EO11\Desktop\EO11\Ransim\Scenarios\Collaborator-TestFiles\MOCK_DATA2.csv
2023-11-11 16:24:09,processed C:\Users\EO11\Desktop\EO11\Ransim\Scenarios\Collaborator-TestFiles\MOCK_DATA2.csv
2023-11-11 16:24:09,processing C:\Users\EO11\Desktop\EO11\Ransim\Scenarios\Collaborator-TestFiles\MOCK_DATA2.docx
2023-11-11 16:24:09,processed C:\Users\EO11\Desktop\EO11\Ransim\Scenarios\Collaborator-TestFiles\MOCK_DATA2.docx
2023-11-11 16:24:10,processing C:\Users\EO11\Desktop\EO11\Ransim\Scenarios\Collaborator-TestFiles\MOCK_DATA2.pdf
2023-11-11 16:24:10,processed C:\Users\EO11\Desktop\EO11\Ransim\Scenarios\Collaborator-TestFiles\MOCK_DATA2.pdf
2023-11-11 16:24:10,processing C:\Users\EO11\Desktop\EO11\Ransim\Scenarios\Collaborator-TestFiles\MOCK_DATA2.pptx
2023-11-11 16:24:10,processed C:\Users\EO11\Desktop\EO11\Ransim\Scenarios\Collaborator-TestFiles\MOCK_DATA2.pptx
2023-11-11 16:24:11,processing C:\Users\EO11\Desktop\EO11\Ransim\Scenarios\Collaborator-TestFiles\MOCK_DATA3.csv
2023-11-11 16:24:11,processed C:\Users\EO11\Desktop\EO11\Ransim\Scenarios\Collaborator-TestFiles\MOCK_DATA3.csv
2023-11-11 16:24:12,processing C:\Users\EO11\Desktop\EO11\Ransim\Scenarios\Collaborator-TestFiles\MOCK_DATA3.docx
2023-11-11 16:24:12,processed C:\Users\EO11\Desktop\EO11\Ransim\Scenarios\Collaborator-TestFiles\MOCK_DATA3.docx
2023-11-11 16:24:12,processing C:\Users\EO11\Desktop\EO11\Ransim\Scenarios\Collaborator-TestFiles\MOCK_DATA3.pdf
2023-11-11 16:24:12,processed C:\Users\EO11\Desktop\EO11\Ransim\Scenarios\Collaborator-TestFiles\MOCK_DATA3.pdf
2023-11-11 16:24:13,processing C:\Users\EO11\Desktop\EO11\Ransim\Scenarios\Collaborator-TestFiles\MOCK_DATA3.pptx
2023-11-11 16:24:13,processed C:\Users\EO11\Desktop\EO11\Ransim\Scenarios\Collaborator-TestFiles\MOCK_DATA3.pptx
2023-11-11 16:24:13,processing C:\Users\EO11\Desktop\EO11\Ransim\Scenarios\Collaborator-TestFiles\MOCK_DATA3.xlsx
2023-11-11 16:24:13,processed C:\Users\EO11\Desktop\EO11\Ransim\Scenarios\Collaborator-TestFiles\MOCK_DATA3.xlsx
2023-11-11 16:24:14,processing C:\Users\EO11\Desktop\EO11\Ransim\Scenarios\Collaborator-TestFiles\test1.docx
2023-11-11 16:24:14,processed C:\Users\EO11\Desktop\EO11\Ransim\Scenarios\Collaborator-TestFiles\test1.docx
2023-11-11 16:24:15,processing C:\Users\EO11\Desktop\EO11\Ransim\Scenarios\Collaborator-TestFiles\test2.docx
2023-11-11 16:24:15,processed C:\Users\EO11\Desktop\EO11\Ransim\Scenarios\Collaborator-TestFiles\test2.docx
2023-11-11 16:24:15,processing C:\Users\EO11\Desktop\EO11\Ransim\Scenarios\Collaborator-TestFiles\test3.docx
2023-11-11 16:24:15,processed C:\Users\EO11\Desktop\EO11\Ransim\Scenarios\Collaborator-TestFiles\test3.docx
2023-11-11 16:24:46,finished
